INFO 2025-07-20 10:18:36,173 autoreload 49416 49236 Watching for file changes with StatReloader
INFO 2025-07-20 10:19:29,883 autoreload 12580 25092 Watching for file changes with StatReloader
INFO 2025-07-20 10:22:16,808 autoreload 12580 25092 D:\beenaya-soa\soa\services\library-service\library\views.py changed, reloading.
INFO 2025-07-20 10:22:18,438 autoreload 11620 44344 Watching for file changes with StatReloader
INFO 2025-07-20 10:22:59,628 autoreload 11620 44344 D:\beenaya-soa\soa\services\library-service\library\views.py changed, reloading.
INFO 2025-07-20 10:23:01,316 autoreload 33864 21076 Watching for file changes with StatReloader
INFO 2025-07-20 10:25:04,271 autoreload 33864 21076 D:\beenaya-soa\soa\services\library-service\library_service\settings.py changed, reloading.
INFO 2025-07-20 10:25:06,354 autoreload 15376 48932 Watching for file changes with StatReloader
INFO 2025-07-20 10:26:06,757 autoreload 15376 48932 D:\beenaya-soa\soa\services\library-service\library_service\settings.py changed, reloading.
INFO 2025-07-20 10:26:08,399 autoreload 41316 49360 Watching for file changes with StatReloader
INFO 2025-07-20 10:26:49,004 autoreload 41316 49360 D:\beenaya-soa\soa\services\library-service\library\views.py changed, reloading.
INFO 2025-07-20 10:26:51,208 autoreload 34236 15252 Watching for file changes with StatReloader
INFO 2025-07-20 10:27:43,894 autoreload 34236 15252 D:\beenaya-soa\soa\services\library-service\library\views.py changed, reloading.
INFO 2025-07-20 10:27:45,655 autoreload 31392 36248 Watching for file changes with StatReloader
INFO 2025-07-20 10:28:52,256 autoreload 31392 36248 D:\beenaya-soa\soa\services\library-service\library\views.py changed, reloading.
INFO 2025-07-20 10:28:53,794 autoreload 4176 49756 Watching for file changes with StatReloader
INFO 2025-07-20 10:41:41,923 autoreload 40560 11904 Watching for file changes with StatReloader
INFO 2025-07-20 10:44:25,454 autoreload 40560 11904 D:\beenaya-soa\soa\services\library-service\library_service\settings.py changed, reloading.
INFO 2025-07-20 10:44:27,568 autoreload 31308 15912 Watching for file changes with StatReloader
INFO 2025-07-20 10:44:42,596 autoreload 31308 15912 D:\beenaya-soa\soa\services\library-service\tenant_schema\models.py changed, reloading.
INFO 2025-07-20 10:44:44,130 autoreload 13564 10712 Watching for file changes with StatReloader
INFO 2025-07-20 10:44:49,271 autoreload 13564 10712 D:\beenaya-soa\soa\services\library-service\tenant_schema\models.py changed, reloading.
INFO 2025-07-20 10:44:50,623 autoreload 29724 47976 Watching for file changes with StatReloader
INFO 2025-07-20 10:45:40,234 autoreload 29724 47976 D:\beenaya-soa\soa\services\library-service\tenant_schema\models.py changed, reloading.
INFO 2025-07-20 10:45:41,742 autoreload 11528 32028 Watching for file changes with StatReloader
INFO 2025-07-20 10:46:04,208 autoreload 11528 32028 D:\beenaya-soa\soa\services\library-service\tenant_schema\models.py changed, reloading.
INFO 2025-07-20 10:46:05,743 autoreload 37160 37416 Watching for file changes with StatReloader
INFO 2025-07-20 10:53:42,849 autoreload 37160 37416 D:\beenaya-soa\soa\services\library-service\library_service\urls.py changed, reloading.
INFO 2025-07-20 10:53:45,087 autoreload 32948 12076 Watching for file changes with StatReloader
INFO 2025-07-20 10:56:28,369 autoreload 32948 12076 D:\beenaya-soa\soa\services\library-service\library_service\urls.py changed, reloading.
INFO 2025-07-20 10:56:30,047 autoreload 48240 35436 Watching for file changes with StatReloader
INFO 2025-07-20 10:56:34,261 autoreload 48240 35436 D:\beenaya-soa\soa\services\library-service\library\urls.py changed, reloading.
INFO 2025-07-20 10:56:35,950 autoreload 22040 21788 Watching for file changes with StatReloader
INFO 2025-07-20 15:49:45,740 basehttp 22040 22252 "GET /health/ HTTP/1.1" 200 88
INFO 2025-07-20 15:49:46,478 basehttp 22040 22252 - Broken pipe from ('127.0.0.1', 32244)
INFO 2025-07-20 15:55:35,884 autoreload 28196 23580 Watching for file changes with StatReloader
WARNING 2025-07-20 18:14:52,977 log 28196 7208 Bad Request: /api/fournitures/
WARNING 2025-07-20 18:14:53,040 basehttp 28196 7208 "GET /api/fournitures/ HTTP/1.1" 400 115
INFO 2025-07-20 18:14:53,693 basehttp 28196 7208 - Broken pipe from ('127.0.0.1', 38856)
INFO 2025-07-25 09:42:44,620 autoreload 11084 25648 Watching for file changes with StatReloader
INFO 2025-07-25 10:12:15,599 autoreload 30048 23268 Watching for file changes with StatReloader
INFO 2025-07-25 10:14:41,748 basehttp 30048 29500 "GET /health/ HTTP/1.1" 200 88
INFO 2025-07-25 10:15:15,337 basehttp 30048 2036 "GET /health/ HTTP/1.1" 200 88
WARNING 2025-07-25 10:15:46,749 log 30048 24580 Bad Request: /api/categories/
WARNING 2025-07-25 10:15:46,749 basehttp 30048 24580 "GET /api/categories/ HTTP/1.1" 400 115
INFO 2025-07-25 10:18:00,836 autoreload 30048 23268 D:\beenaya-soa\soa\services\library-service\library_service\settings.py changed, reloading.
INFO 2025-07-25 10:18:01,556 autoreload 12784 10832 Watching for file changes with StatReloader
INFO 2025-07-25 10:18:12,515 autoreload 12784 10832 D:\beenaya-soa\soa\services\library-service\library_service\settings.py changed, reloading.
INFO 2025-07-25 10:18:13,248 autoreload 6596 12424 Watching for file changes with StatReloader
INFO 2025-07-25 10:18:49,411 autoreload 6596 12424 D:\beenaya-soa\soa\services\library-service\library_service\settings.py changed, reloading.
INFO 2025-07-25 10:18:50,086 autoreload 18764 9056 Watching for file changes with StatReloader
INFO 2025-07-25 10:23:31,105 autoreload 18764 9056 D:\beenaya-soa\soa\services\library-service\library_service\settings.py changed, reloading.
INFO 2025-07-25 10:23:31,811 autoreload 33436 9644 Watching for file changes with StatReloader
INFO 2025-07-25 10:24:47,330 autoreload 33436 9644 D:\beenaya-soa\soa\services\library-service\library\views.py changed, reloading.
INFO 2025-07-25 10:24:47,870 autoreload 23400 16528 Watching for file changes with StatReloader
INFO 2025-07-25 10:24:52,382 autoreload 23400 16528 D:\beenaya-soa\soa\services\library-service\library\views.py changed, reloading.
INFO 2025-07-25 10:24:52,944 autoreload 25428 15420 Watching for file changes with StatReloader
INFO 2025-07-25 10:25:00,526 autoreload 25428 15420 D:\beenaya-soa\soa\services\library-service\library\views.py changed, reloading.
INFO 2025-07-25 10:25:01,056 autoreload 16816 26836 Watching for file changes with StatReloader
INFO 2025-07-25 10:25:09,677 autoreload 16816 26836 D:\beenaya-soa\soa\services\library-service\library\views.py changed, reloading.
INFO 2025-07-25 10:25:10,209 autoreload 32984 23952 Watching for file changes with StatReloader
INFO 2025-07-25 10:25:13,650 autoreload 32984 23952 D:\beenaya-soa\soa\services\library-service\library\views.py changed, reloading.
INFO 2025-07-25 10:25:14,195 autoreload 12908 24188 Watching for file changes with StatReloader
INFO 2025-07-25 10:25:18,680 autoreload 12908 24188 D:\beenaya-soa\soa\services\library-service\library\views.py changed, reloading.
INFO 2025-07-25 10:25:19,195 autoreload 24580 33564 Watching for file changes with StatReloader
INFO 2025-07-25 10:27:59,743 autoreload 31464 29820 Watching for file changes with StatReloader
INFO 2025-07-25 10:29:27,465 basehttp 31464 31784 "GET /health/ HTTP/1.1" 200 88
INFO 2025-07-25 10:29:55,026 basehttp 31464 12544 "GET /health/ HTTP/1.1" 200 88
ERROR 2025-07-25 10:29:57,302 log 31464 27700 Internal Server Error: /api/categories/
Traceback (most recent call last):
  File "C:\Users\elvis\AppData\Local\Programs\Python\Python313\Lib\site-packages\django\db\models\options.py", line 683, in get_field
    return self.fields_map[field_name]
           ~~~~~~~~~~~~~~~^^^^^^^^^^^^
KeyError: 'chemin_complet'

During handling of the above exception, another exception occurred:

Traceback (most recent call last):
  File "C:\Users\elvis\AppData\Local\Programs\Python\Python313\Lib\site-packages\django\core\handlers\exception.py", line 55, in inner
    response = get_response(request)
  File "C:\Users\elvis\AppData\Local\Programs\Python\Python313\Lib\site-packages\django\core\handlers\base.py", line 197, in _get_response
    response = wrapped_callback(request, *callback_args, **callback_kwargs)
  File "C:\Users\elvis\AppData\Local\Programs\Python\Python313\Lib\site-packages\django\views\decorators\csrf.py", line 65, in _view_wrapper
    return view_func(request, *args, **kwargs)
  File "C:\Users\elvis\AppData\Local\Programs\Python\Python313\Lib\site-packages\rest_framework\viewsets.py", line 125, in view
    return self.dispatch(request, *args, **kwargs)
           ~~~~~~~~~~~~~^^^^^^^^^^^^^^^^^^^^^^^^^^
  File "C:\Users\elvis\AppData\Local\Programs\Python\Python313\Lib\site-packages\rest_framework\views.py", line 515, in dispatch
    response = self.handle_exception(exc)
  File "C:\Users\elvis\AppData\Local\Programs\Python\Python313\Lib\site-packages\rest_framework\views.py", line 475, in handle_exception
    self.raise_uncaught_exception(exc)
    ~~~~~~~~~~~~~~~~~~~~~~~~~~~~~^^^^^
  File "C:\Users\elvis\AppData\Local\Programs\Python\Python313\Lib\site-packages\rest_framework\views.py", line 486, in raise_uncaught_exception
    raise exc
  File "C:\Users\elvis\AppData\Local\Programs\Python\Python313\Lib\site-packages\rest_framework\views.py", line 512, in dispatch
    response = handler(request, *args, **kwargs)
  File "C:\Users\elvis\AppData\Local\Programs\Python\Python313\Lib\site-packages\rest_framework\mixins.py", line 40, in list
    page = self.paginate_queryset(queryset)
  File "C:\Users\elvis\AppData\Local\Programs\Python\Python313\Lib\site-packages\rest_framework\generics.py", line 175, in paginate_queryset
    return self.paginator.paginate_queryset(queryset, self.request, view=self)
           ~~~~~~~~~~~~~~~~~~~~~~~~~~~~~~~~^^^^^^^^^^^^^^^^^^^^^^^^^^^^^^^^^^^
  File "C:\Users\elvis\AppData\Local\Programs\Python\Python313\Lib\site-packages\rest_framework\pagination.py", line 211, in paginate_queryset
    self.page = paginator.page(page_number)
                ~~~~~~~~~~~~~~^^^^^^^^^^^^^
  File "C:\Users\elvis\AppData\Local\Programs\Python\Python313\Lib\site-packages\django\core\paginator.py", line 89, in page
    number = self.validate_number(number)
  File "C:\Users\elvis\AppData\Local\Programs\Python\Python313\Lib\site-packages\django\core\paginator.py", line 70, in validate_number
    if number > self.num_pages:
                ^^^^^^^^^^^^^^
  File "C:\Users\elvis\AppData\Local\Programs\Python\Python313\Lib\site-packages\django\utils\functional.py", line 47, in __get__
    res = instance.__dict__[self.name] = self.func(instance)
                                         ~~~~~~~~~^^^^^^^^^^
  File "C:\Users\elvis\AppData\Local\Programs\Python\Python313\Lib\site-packages\django\core\paginator.py", line 116, in num_pages
    if self.count == 0 and not self.allow_empty_first_page:
       ^^^^^^^^^^
  File "C:\Users\elvis\AppData\Local\Programs\Python\Python313\Lib\site-packages\django\utils\functional.py", line 47, in __get__
    res = instance.__dict__[self.name] = self.func(instance)
                                         ~~~~~~~~~^^^^^^^^^^
  File "C:\Users\elvis\AppData\Local\Programs\Python\Python313\Lib\site-packages\django\core\paginator.py", line 110, in count
    return c()
  File "C:\Users\elvis\AppData\Local\Programs\Python\Python313\Lib\site-packages\django\db\models\query.py", line 604, in count
    return self.query.get_count(using=self.db)
           ~~~~~~~~~~~~~~~~~~~~^^^^^^^^^^^^^^^
  File "C:\Users\elvis\AppData\Local\Programs\Python\Python313\Lib\site-packages\django\db\models\sql\query.py", line 644, in get_count
    return obj.get_aggregation(using, {"__count": Count("*")})["__count"]
           ~~~~~~~~~~~~~~~~~~~^^^^^^^^^^^^^^^^^^^^^^^^^^^^^^^^
  File "C:\Users\elvis\AppData\Local\Programs\Python\Python313\Lib\site-packages\django\db\models\sql\query.py", line 626, in get_aggregation
    result = compiler.execute_sql(SINGLE)
  File "C:\Users\elvis\AppData\Local\Programs\Python\Python313\Lib\site-packages\django\db\models\sql\compiler.py", line 1609, in execute_sql
    sql, params = self.as_sql()
                  ~~~~~~~~~~~^^
  File "C:\Users\elvis\AppData\Local\Programs\Python\Python313\Lib\site-packages\django\db\models\sql\compiler.py", line 765, in as_sql
    extra_select, order_by, group_by = self.pre_sql_setup(
                                       ~~~~~~~~~~~~~~~~~~^
        with_col_aliases=with_col_aliases or bool(combinator),
        ^^^^^^^^^^^^^^^^^^^^^^^^^^^^^^^^^^^^^^^^^^^^^^^^^^^^^^
    )
    ^
  File "C:\Users\elvis\AppData\Local\Programs\Python\Python313\Lib\site-packages\django\db\models\sql\compiler.py", line 85, in pre_sql_setup
    self.setup_query(with_col_aliases=with_col_aliases)
    ~~~~~~~~~~~~~~~~^^^^^^^^^^^^^^^^^^^^^^^^^^^^^^^^^^^
  File "C:\Users\elvis\AppData\Local\Programs\Python\Python313\Lib\site-packages\django\db\models\sql\compiler.py", line 74, in setup_query
    self.select, self.klass_info, self.annotation_col_map = self.get_select(
                                                            ~~~~~~~~~~~~~~~^
        with_col_aliases=with_col_aliases,
        ^^^^^^^^^^^^^^^^^^^^^^^^^^^^^^^^^^
    )
    ^
  File "C:\Users\elvis\AppData\Local\Programs\Python\Python313\Lib\site-packages\django\db\models\sql\compiler.py", line 252, in get_select
    select_mask = self.query.get_select_mask()
  File "C:\Users\elvis\AppData\Local\Programs\Python\Python313\Lib\site-packages\django\db\models\sql\query.py", line 885, in get_select_mask
    return self._get_only_select_mask(opts, mask)
           ~~~~~~~~~~~~~~~~~~~~~~~~~~^^^^^^^^^^^^
  File "C:\Users\elvis\AppData\Local\Programs\Python\Python313\Lib\site-packages\django\db\models\sql\query.py", line 854, in _get_only_select_mask
    field = opts.get_field(field_name)
  File "C:\Users\elvis\AppData\Local\Programs\Python\Python313\Lib\site-packages\django\db\models\options.py", line 685, in get_field
    raise FieldDoesNotExist(
        "%s has no field named '%s'" % (self.object_name, field_name)
    )
django.core.exceptions.FieldDoesNotExist: Categorie has no field named 'chemin_complet'
ERROR 2025-07-25 10:29:57,311 basehttp 31464 27700 "GET /api/categories/ HTTP/1.1" 500 198532
ERROR 2025-07-25 10:30:01,452 middleware 31464 25268 Erreur lors de la récupération du tenant 123e4567-e89b-12d3-a456-426614174000: 404
WARNING 2025-07-25 10:30:01,452 log 31464 25268 Unauthorized: /api/fournitures/
WARNING 2025-07-25 10:30:01,453 basehttp 31464 25268 "GET /api/fournitures/ HTTP/1.1" 401 89
INFO 2025-07-25 10:32:29,726 autoreload 31464 29820 D:\beenaya-soa\soa\services\library-service\tenant_schema\models.py changed, reloading.
INFO 2025-07-25 10:32:29,887 autoreload 24580 33564 D:\beenaya-soa\soa\services\library-service\tenant_schema\models.py changed, reloading.
INFO 2025-07-25 10:32:30,413 autoreload 7788 340 Watching for file changes with StatReloader
INFO 2025-07-25 10:32:30,418 autoreload 26836 33004 Watching for file changes with StatReloader
INFO 2025-07-25 10:32:39,650 autoreload 26836 33004 D:\beenaya-soa\soa\services\library-service\tenant_schema\models.py changed, reloading.
INFO 2025-07-25 10:32:40,057 autoreload 7788 340 D:\beenaya-soa\soa\services\library-service\tenant_schema\models.py changed, reloading.
INFO 2025-07-25 10:32:40,363 autoreload 23676 29780 Watching for file changes with StatReloader
INFO 2025-07-25 10:32:40,635 autoreload 5300 23272 Watching for file changes with StatReloader
INFO 2025-07-25 10:33:34,629 autoreload 23676 29780 D:\beenaya-soa\soa\services\library-service\tenant_schema\admin.py changed, reloading.
INFO 2025-07-25 10:33:35,237 autoreload 33464 30476 Watching for file changes with StatReloader
INFO 2025-07-25 10:34:26,418 autoreload 33464 30476 D:\beenaya-soa\soa\services\library-service\tenant_schema\models.py changed, reloading.
INFO 2025-07-25 10:34:27,096 autoreload 1928 28008 Watching for file changes with StatReloader
INFO 2025-07-25 10:36:45,932 basehttp 1928 33644 "GET /health/ HTTP/1.1" 200 88
ERROR 2025-07-25 10:36:48,030 log 1928 5004 Internal Server Error: /api/categories/
Traceback (most recent call last):
  File "C:\Users\elvis\AppData\Local\Programs\Python\Python313\Lib\site-packages\django\db\models\options.py", line 683, in get_field
    return self.fields_map[field_name]
           ~~~~~~~~~~~~~~~^^^^^^^^^^^^
KeyError: 'chemin_complet'

During handling of the above exception, another exception occurred:

Traceback (most recent call last):
  File "C:\Users\elvis\AppData\Local\Programs\Python\Python313\Lib\site-packages\django\core\handlers\exception.py", line 55, in inner
    response = get_response(request)
  File "C:\Users\elvis\AppData\Local\Programs\Python\Python313\Lib\site-packages\django\core\handlers\base.py", line 197, in _get_response
    response = wrapped_callback(request, *callback_args, **callback_kwargs)
  File "C:\Users\elvis\AppData\Local\Programs\Python\Python313\Lib\site-packages\django\views\decorators\csrf.py", line 65, in _view_wrapper
    return view_func(request, *args, **kwargs)
  File "C:\Users\elvis\AppData\Local\Programs\Python\Python313\Lib\site-packages\rest_framework\viewsets.py", line 125, in view
    return self.dispatch(request, *args, **kwargs)
           ~~~~~~~~~~~~~^^^^^^^^^^^^^^^^^^^^^^^^^^
  File "C:\Users\elvis\AppData\Local\Programs\Python\Python313\Lib\site-packages\rest_framework\views.py", line 515, in dispatch
    response = self.handle_exception(exc)
  File "C:\Users\elvis\AppData\Local\Programs\Python\Python313\Lib\site-packages\rest_framework\views.py", line 475, in handle_exception
    self.raise_uncaught_exception(exc)
    ~~~~~~~~~~~~~~~~~~~~~~~~~~~~~^^^^^
  File "C:\Users\elvis\AppData\Local\Programs\Python\Python313\Lib\site-packages\rest_framework\views.py", line 486, in raise_uncaught_exception
    raise exc
  File "C:\Users\elvis\AppData\Local\Programs\Python\Python313\Lib\site-packages\rest_framework\views.py", line 512, in dispatch
    response = handler(request, *args, **kwargs)
  File "C:\Users\elvis\AppData\Local\Programs\Python\Python313\Lib\site-packages\rest_framework\mixins.py", line 40, in list
    page = self.paginate_queryset(queryset)
  File "C:\Users\elvis\AppData\Local\Programs\Python\Python313\Lib\site-packages\rest_framework\generics.py", line 175, in paginate_queryset
    return self.paginator.paginate_queryset(queryset, self.request, view=self)
           ~~~~~~~~~~~~~~~~~~~~~~~~~~~~~~~~^^^^^^^^^^^^^^^^^^^^^^^^^^^^^^^^^^^
  File "C:\Users\elvis\AppData\Local\Programs\Python\Python313\Lib\site-packages\rest_framework\pagination.py", line 211, in paginate_queryset
    self.page = paginator.page(page_number)
                ~~~~~~~~~~~~~~^^^^^^^^^^^^^
  File "C:\Users\elvis\AppData\Local\Programs\Python\Python313\Lib\site-packages\django\core\paginator.py", line 89, in page
    number = self.validate_number(number)
  File "C:\Users\elvis\AppData\Local\Programs\Python\Python313\Lib\site-packages\django\core\paginator.py", line 70, in validate_number
    if number > self.num_pages:
                ^^^^^^^^^^^^^^
  File "C:\Users\elvis\AppData\Local\Programs\Python\Python313\Lib\site-packages\django\utils\functional.py", line 47, in __get__
    res = instance.__dict__[self.name] = self.func(instance)
                                         ~~~~~~~~~^^^^^^^^^^
  File "C:\Users\elvis\AppData\Local\Programs\Python\Python313\Lib\site-packages\django\core\paginator.py", line 116, in num_pages
    if self.count == 0 and not self.allow_empty_first_page:
       ^^^^^^^^^^
  File "C:\Users\elvis\AppData\Local\Programs\Python\Python313\Lib\site-packages\django\utils\functional.py", line 47, in __get__
    res = instance.__dict__[self.name] = self.func(instance)
                                         ~~~~~~~~~^^^^^^^^^^
  File "C:\Users\elvis\AppData\Local\Programs\Python\Python313\Lib\site-packages\django\core\paginator.py", line 110, in count
    return c()
  File "C:\Users\elvis\AppData\Local\Programs\Python\Python313\Lib\site-packages\django\db\models\query.py", line 604, in count
    return self.query.get_count(using=self.db)
           ~~~~~~~~~~~~~~~~~~~~^^^^^^^^^^^^^^^
  File "C:\Users\elvis\AppData\Local\Programs\Python\Python313\Lib\site-packages\django\db\models\sql\query.py", line 644, in get_count
    return obj.get_aggregation(using, {"__count": Count("*")})["__count"]
           ~~~~~~~~~~~~~~~~~~~^^^^^^^^^^^^^^^^^^^^^^^^^^^^^^^^
  File "C:\Users\elvis\AppData\Local\Programs\Python\Python313\Lib\site-packages\django\db\models\sql\query.py", line 626, in get_aggregation
    result = compiler.execute_sql(SINGLE)
  File "C:\Users\elvis\AppData\Local\Programs\Python\Python313\Lib\site-packages\django\db\models\sql\compiler.py", line 1609, in execute_sql
    sql, params = self.as_sql()
                  ~~~~~~~~~~~^^
  File "C:\Users\elvis\AppData\Local\Programs\Python\Python313\Lib\site-packages\django\db\models\sql\compiler.py", line 765, in as_sql
    extra_select, order_by, group_by = self.pre_sql_setup(
                                       ~~~~~~~~~~~~~~~~~~^
        with_col_aliases=with_col_aliases or bool(combinator),
        ^^^^^^^^^^^^^^^^^^^^^^^^^^^^^^^^^^^^^^^^^^^^^^^^^^^^^^
    )
    ^
  File "C:\Users\elvis\AppData\Local\Programs\Python\Python313\Lib\site-packages\django\db\models\sql\compiler.py", line 85, in pre_sql_setup
    self.setup_query(with_col_aliases=with_col_aliases)
    ~~~~~~~~~~~~~~~~^^^^^^^^^^^^^^^^^^^^^^^^^^^^^^^^^^^
  File "C:\Users\elvis\AppData\Local\Programs\Python\Python313\Lib\site-packages\django\db\models\sql\compiler.py", line 74, in setup_query
    self.select, self.klass_info, self.annotation_col_map = self.get_select(
                                                            ~~~~~~~~~~~~~~~^
        with_col_aliases=with_col_aliases,
        ^^^^^^^^^^^^^^^^^^^^^^^^^^^^^^^^^^
    )
    ^
  File "C:\Users\elvis\AppData\Local\Programs\Python\Python313\Lib\site-packages\django\db\models\sql\compiler.py", line 252, in get_select
    select_mask = self.query.get_select_mask()
  File "C:\Users\elvis\AppData\Local\Programs\Python\Python313\Lib\site-packages\django\db\models\sql\query.py", line 885, in get_select_mask
    return self._get_only_select_mask(opts, mask)
           ~~~~~~~~~~~~~~~~~~~~~~~~~~^^^^^^^^^^^^
  File "C:\Users\elvis\AppData\Local\Programs\Python\Python313\Lib\site-packages\django\db\models\sql\query.py", line 854, in _get_only_select_mask
    field = opts.get_field(field_name)
  File "C:\Users\elvis\AppData\Local\Programs\Python\Python313\Lib\site-packages\django\db\models\options.py", line 685, in get_field
    raise FieldDoesNotExist(
        "%s has no field named '%s'" % (self.object_name, field_name)
    )
django.core.exceptions.FieldDoesNotExist: Categorie has no field named 'chemin_complet'
ERROR 2025-07-25 10:36:48,037 basehttp 1928 5004 "GET /api/categories/ HTTP/1.1" 500 198637
ERROR 2025-07-25 10:36:52,186 middleware 1928 30820 Erreur lors de la récupération du tenant 123e4567-e89b-12d3-a456-426614174000: 404
WARNING 2025-07-25 10:36:52,186 log 1928 30820 Unauthorized: /api/fournitures/
WARNING 2025-07-25 10:36:52,187 basehttp 1928 30820 "GET /api/fournitures/ HTTP/1.1" 401 89
INFO 2025-07-25 10:39:02,722 autoreload 19520 28072 Watching for file changes with StatReloader
INFO 2025-07-25 10:41:44,414 autoreload 28808 24184 Watching for file changes with StatReloader
INFO 2025-07-25 10:44:38,350 middleware 28808 18088 Library - Création automatique du tenant 31f96c39-bd7f-453e-a7f1-88495e70272b
INFO 2025-07-25 10:44:38,458 middleware 28808 31464 Library - Création automatique du tenant 31f96c39-bd7f-453e-a7f1-88495e70272b
INFO 2025-07-25 10:44:38,715 middleware 28808 24580 Library - Création automatique du tenant 31f96c39-bd7f-453e-a7f1-88495e70272b
INFO 2025-07-25 10:44:38,727 middleware 28808 31668 Library - Création automatique du tenant 31f96c39-bd7f-453e-a7f1-88495e70272b
INFO 2025-07-25 10:44:38,734 middleware 28808 8768 Library - Création automatique du tenant 31f96c39-bd7f-453e-a7f1-88495e70272b
INFO 2025-07-25 10:44:39,098 middleware 28808 31608 Library - Création automatique du tenant 31f96c39-bd7f-453e-a7f1-88495e70272b
INFO 2025-07-25 10:44:39,580 middleware 28808 18088 Library - Migrations exécutées pour le tenant ETAO
INFO 2025-07-25 10:44:39,580 middleware 28808 18088 Library - Nouveau tenant créé: ETAO (schéma: tenant_etao)
INFO 2025-07-25 10:44:39,599 middleware 28808 31668 Library - Tenant 31f96c39-bd7f-453e-a7f1-88495e70272b créé par un autre thread, récupération...
INFO 2025-07-25 10:44:39,599 middleware 28808 8768 Library - Tenant 31f96c39-bd7f-453e-a7f1-88495e70272b créé par un autre thread, récupération...
INFO 2025-07-25 10:44:39,599 middleware 28808 24580 Library - Tenant 31f96c39-bd7f-453e-a7f1-88495e70272b créé par un autre thread, récupération...
INFO 2025-07-25 10:44:39,599 middleware 28808 31608 Library - Tenant 31f96c39-bd7f-453e-a7f1-88495e70272b créé par un autre thread, récupération...
INFO 2025-07-25 10:44:39,599 middleware 28808 31464 Library - Tenant 31f96c39-bd7f-453e-a7f1-88495e70272b créé par un autre thread, récupération...
INFO 2025-07-25 10:44:39,626 basehttp 28808 31668 "GET /api/main-oeuvre/ HTTP/1.1" 200 52
INFO 2025-07-25 10:44:39,627 basehttp 28808 18088 "GET /api/fournitures/ HTTP/1.1" 200 52
INFO 2025-07-25 10:44:39,627 basehttp 28808 8768 "GET /api/fournitures/ HTTP/1.1" 200 52
INFO 2025-07-25 10:44:39,639 basehttp 28808 31464 "GET /api/main-oeuvre/ HTTP/1.1" 200 52
INFO 2025-07-25 10:44:39,640 basehttp 28808 24580 "GET /api/ouvrages/ HTTP/1.1" 200 52
INFO 2025-07-25 10:44:39,640 basehttp 28808 31608 "GET /api/ouvrages/ HTTP/1.1" 200 52
INFO 2025-07-25 10:50:33,960 basehttp 28808 30564 "GET /health/ HTTP/1.1" 200 88
ERROR 2025-07-25 10:50:36,045 log 28808 30740 Internal Server Error: /api/categories/
Traceback (most recent call last):
  File "D:\beenaya-soa\soa\services\library-service\venv\Lib\site-packages\django\db\models\options.py", line 681, in get_field
    return self.fields_map[field_name]
           ~~~~~~~~~~~~~~~^^^^^^^^^^^^
KeyError: 'chemin_complet'

During handling of the above exception, another exception occurred:

Traceback (most recent call last):
  File "D:\beenaya-soa\soa\services\library-service\venv\Lib\site-packages\django\core\handlers\exception.py", line 55, in inner
    response = get_response(request)
  File "D:\beenaya-soa\soa\services\library-service\venv\Lib\site-packages\django\core\handlers\base.py", line 197, in _get_response
    response = wrapped_callback(request, *callback_args, **callback_kwargs)
  File "D:\beenaya-soa\soa\services\library-service\venv\Lib\site-packages\django\views\decorators\csrf.py", line 65, in _view_wrapper
    return view_func(request, *args, **kwargs)
  File "D:\beenaya-soa\soa\services\library-service\venv\Lib\site-packages\rest_framework\viewsets.py", line 125, in view
    return self.dispatch(request, *args, **kwargs)
           ~~~~~~~~~~~~~^^^^^^^^^^^^^^^^^^^^^^^^^^
  File "D:\beenaya-soa\soa\services\library-service\venv\Lib\site-packages\rest_framework\views.py", line 509, in dispatch
    response = self.handle_exception(exc)
  File "D:\beenaya-soa\soa\services\library-service\venv\Lib\site-packages\rest_framework\views.py", line 469, in handle_exception
    self.raise_uncaught_exception(exc)
    ~~~~~~~~~~~~~~~~~~~~~~~~~~~~~^^^^^
  File "D:\beenaya-soa\soa\services\library-service\venv\Lib\site-packages\rest_framework\views.py", line 480, in raise_uncaught_exception
    raise exc
  File "D:\beenaya-soa\soa\services\library-service\venv\Lib\site-packages\rest_framework\views.py", line 506, in dispatch
    response = handler(request, *args, **kwargs)
  File "D:\beenaya-soa\soa\services\library-service\venv\Lib\site-packages\rest_framework\mixins.py", line 40, in list
    page = self.paginate_queryset(queryset)
  File "D:\beenaya-soa\soa\services\library-service\venv\Lib\site-packages\rest_framework\generics.py", line 171, in paginate_queryset
    return self.paginator.paginate_queryset(queryset, self.request, view=self)
           ~~~~~~~~~~~~~~~~~~~~~~~~~~~~~~~~^^^^^^^^^^^^^^^^^^^^^^^^^^^^^^^^^^^
  File "D:\beenaya-soa\soa\services\library-service\venv\Lib\site-packages\rest_framework\pagination.py", line 204, in paginate_queryset
    self.page = paginator.page(page_number)
                ~~~~~~~~~~~~~~^^^^^^^^^^^^^
  File "D:\beenaya-soa\soa\services\library-service\venv\Lib\site-packages\django\core\paginator.py", line 89, in page
    number = self.validate_number(number)
  File "D:\beenaya-soa\soa\services\library-service\venv\Lib\site-packages\django\core\paginator.py", line 70, in validate_number
    if number > self.num_pages:
                ^^^^^^^^^^^^^^
  File "D:\beenaya-soa\soa\services\library-service\venv\Lib\site-packages\django\utils\functional.py", line 47, in __get__
    res = instance.__dict__[self.name] = self.func(instance)
                                         ~~~~~~~~~^^^^^^^^^^
  File "D:\beenaya-soa\soa\services\library-service\venv\Lib\site-packages\django\core\paginator.py", line 116, in num_pages
    if self.count == 0 and not self.allow_empty_first_page:
       ^^^^^^^^^^
  File "D:\beenaya-soa\soa\services\library-service\venv\Lib\site-packages\django\utils\functional.py", line 47, in __get__
    res = instance.__dict__[self.name] = self.func(instance)
                                         ~~~~~~~~~^^^^^^^^^^
  File "D:\beenaya-soa\soa\services\library-service\venv\Lib\site-packages\django\core\paginator.py", line 110, in count
    return c()
  File "D:\beenaya-soa\soa\services\library-service\venv\Lib\site-packages\django\db\models\query.py", line 618, in count
    return self.query.get_count(using=self.db)
           ~~~~~~~~~~~~~~~~~~~~^^^^^^^^^^^^^^^
  File "D:\beenaya-soa\soa\services\library-service\venv\Lib\site-packages\django\db\models\sql\query.py", line 618, in get_count
    return obj.get_aggregation(using, {"__count": Count("*")})["__count"]
           ~~~~~~~~~~~~~~~~~~~^^^^^^^^^^^^^^^^^^^^^^^^^^^^^^^^
  File "D:\beenaya-soa\soa\services\library-service\venv\Lib\site-packages\django\db\models\sql\query.py", line 604, in get_aggregation
    result = compiler.execute_sql(SINGLE)
  File "D:\beenaya-soa\soa\services\library-service\venv\Lib\site-packages\django\db\models\sql\compiler.py", line 1549, in execute_sql
    sql, params = self.as_sql()
                  ~~~~~~~~~~~^^
  File "D:\beenaya-soa\soa\services\library-service\venv\Lib\site-packages\django\db\models\sql\compiler.py", line 736, in as_sql
    extra_select, order_by, group_by = self.pre_sql_setup(
                                       ~~~~~~~~~~~~~~~~~~^
        with_col_aliases=with_col_aliases or bool(combinator),
        ^^^^^^^^^^^^^^^^^^^^^^^^^^^^^^^^^^^^^^^^^^^^^^^^^^^^^^
    )
    ^
  File "D:\beenaya-soa\soa\services\library-service\venv\Lib\site-packages\django\db\models\sql\compiler.py", line 84, in pre_sql_setup
    self.setup_query(with_col_aliases=with_col_aliases)
    ~~~~~~~~~~~~~~~~^^^^^^^^^^^^^^^^^^^^^^^^^^^^^^^^^^^
  File "D:\beenaya-soa\soa\services\library-service\venv\Lib\site-packages\django\db\models\sql\compiler.py", line 73, in setup_query
    self.select, self.klass_info, self.annotation_col_map = self.get_select(
                                                            ~~~~~~~~~~~~~~~^
        with_col_aliases=with_col_aliases,
        ^^^^^^^^^^^^^^^^^^^^^^^^^^^^^^^^^^
    )
    ^
  File "D:\beenaya-soa\soa\services\library-service\venv\Lib\site-packages\django\db\models\sql\compiler.py", line 256, in get_select
    select_mask = self.query.get_select_mask()
  File "D:\beenaya-soa\soa\services\library-service\venv\Lib\site-packages\django\db\models\sql\query.py", line 866, in get_select_mask
    return self._get_only_select_mask(opts, mask)
           ~~~~~~~~~~~~~~~~~~~~~~~~~~^^^^^^^^^^^^
  File "D:\beenaya-soa\soa\services\library-service\venv\Lib\site-packages\django\db\models\sql\query.py", line 829, in _get_only_select_mask
    field = opts.get_field(field_name)
  File "D:\beenaya-soa\soa\services\library-service\venv\Lib\site-packages\django\db\models\options.py", line 683, in get_field
    raise FieldDoesNotExist(
        "%s has no field named '%s'" % (self.object_name, field_name)
    )
django.core.exceptions.FieldDoesNotExist: Categorie has no field named 'chemin_complet'
ERROR 2025-07-25 10:50:36,052 basehttp 28808 30740 "GET /api/categories/ HTTP/1.1" 500 191383
ERROR 2025-07-25 10:50:40,181 middleware 28808 29596 Erreur lors de la récupération du tenant 123e4567-e89b-12d3-a456-426614174000: 404
WARNING 2025-07-25 10:50:40,182 log 28808 29596 Unauthorized: /api/fournitures/
WARNING 2025-07-25 10:50:40,182 basehttp 28808 29596 "GET /api/fournitures/ HTTP/1.1" 401 89
INFO 2025-07-25 10:50:47,348 basehttp 28808 22260 "GET /health/ HTTP/1.1" 200 88
ERROR 2025-07-25 10:50:49,435 log 28808 14204 Internal Server Error: /api/categories/
Traceback (most recent call last):
  File "D:\beenaya-soa\soa\services\library-service\venv\Lib\site-packages\django\db\models\options.py", line 681, in get_field
    return self.fields_map[field_name]
           ~~~~~~~~~~~~~~~^^^^^^^^^^^^
KeyError: 'chemin_complet'

During handling of the above exception, another exception occurred:

Traceback (most recent call last):
  File "D:\beenaya-soa\soa\services\library-service\venv\Lib\site-packages\django\core\handlers\exception.py", line 55, in inner
    response = get_response(request)
  File "D:\beenaya-soa\soa\services\library-service\venv\Lib\site-packages\django\core\handlers\base.py", line 197, in _get_response
    response = wrapped_callback(request, *callback_args, **callback_kwargs)
  File "D:\beenaya-soa\soa\services\library-service\venv\Lib\site-packages\django\views\decorators\csrf.py", line 65, in _view_wrapper
    return view_func(request, *args, **kwargs)
  File "D:\beenaya-soa\soa\services\library-service\venv\Lib\site-packages\rest_framework\viewsets.py", line 125, in view
    return self.dispatch(request, *args, **kwargs)
           ~~~~~~~~~~~~~^^^^^^^^^^^^^^^^^^^^^^^^^^
  File "D:\beenaya-soa\soa\services\library-service\venv\Lib\site-packages\rest_framework\views.py", line 509, in dispatch
    response = self.handle_exception(exc)
  File "D:\beenaya-soa\soa\services\library-service\venv\Lib\site-packages\rest_framework\views.py", line 469, in handle_exception
    self.raise_uncaught_exception(exc)
    ~~~~~~~~~~~~~~~~~~~~~~~~~~~~~^^^^^
  File "D:\beenaya-soa\soa\services\library-service\venv\Lib\site-packages\rest_framework\views.py", line 480, in raise_uncaught_exception
    raise exc
  File "D:\beenaya-soa\soa\services\library-service\venv\Lib\site-packages\rest_framework\views.py", line 506, in dispatch
    response = handler(request, *args, **kwargs)
  File "D:\beenaya-soa\soa\services\library-service\venv\Lib\site-packages\rest_framework\mixins.py", line 40, in list
    page = self.paginate_queryset(queryset)
  File "D:\beenaya-soa\soa\services\library-service\venv\Lib\site-packages\rest_framework\generics.py", line 171, in paginate_queryset
    return self.paginator.paginate_queryset(queryset, self.request, view=self)
           ~~~~~~~~~~~~~~~~~~~~~~~~~~~~~~~~^^^^^^^^^^^^^^^^^^^^^^^^^^^^^^^^^^^
  File "D:\beenaya-soa\soa\services\library-service\venv\Lib\site-packages\rest_framework\pagination.py", line 204, in paginate_queryset
    self.page = paginator.page(page_number)
                ~~~~~~~~~~~~~~^^^^^^^^^^^^^
  File "D:\beenaya-soa\soa\services\library-service\venv\Lib\site-packages\django\core\paginator.py", line 89, in page
    number = self.validate_number(number)
  File "D:\beenaya-soa\soa\services\library-service\venv\Lib\site-packages\django\core\paginator.py", line 70, in validate_number
    if number > self.num_pages:
                ^^^^^^^^^^^^^^
  File "D:\beenaya-soa\soa\services\library-service\venv\Lib\site-packages\django\utils\functional.py", line 47, in __get__
    res = instance.__dict__[self.name] = self.func(instance)
                                         ~~~~~~~~~^^^^^^^^^^
  File "D:\beenaya-soa\soa\services\library-service\venv\Lib\site-packages\django\core\paginator.py", line 116, in num_pages
    if self.count == 0 and not self.allow_empty_first_page:
       ^^^^^^^^^^
  File "D:\beenaya-soa\soa\services\library-service\venv\Lib\site-packages\django\utils\functional.py", line 47, in __get__
    res = instance.__dict__[self.name] = self.func(instance)
                                         ~~~~~~~~~^^^^^^^^^^
  File "D:\beenaya-soa\soa\services\library-service\venv\Lib\site-packages\django\core\paginator.py", line 110, in count
    return c()
  File "D:\beenaya-soa\soa\services\library-service\venv\Lib\site-packages\django\db\models\query.py", line 618, in count
    return self.query.get_count(using=self.db)
           ~~~~~~~~~~~~~~~~~~~~^^^^^^^^^^^^^^^
  File "D:\beenaya-soa\soa\services\library-service\venv\Lib\site-packages\django\db\models\sql\query.py", line 618, in get_count
    return obj.get_aggregation(using, {"__count": Count("*")})["__count"]
           ~~~~~~~~~~~~~~~~~~~^^^^^^^^^^^^^^^^^^^^^^^^^^^^^^^^
  File "D:\beenaya-soa\soa\services\library-service\venv\Lib\site-packages\django\db\models\sql\query.py", line 604, in get_aggregation
    result = compiler.execute_sql(SINGLE)
  File "D:\beenaya-soa\soa\services\library-service\venv\Lib\site-packages\django\db\models\sql\compiler.py", line 1549, in execute_sql
    sql, params = self.as_sql()
                  ~~~~~~~~~~~^^
  File "D:\beenaya-soa\soa\services\library-service\venv\Lib\site-packages\django\db\models\sql\compiler.py", line 736, in as_sql
    extra_select, order_by, group_by = self.pre_sql_setup(
                                       ~~~~~~~~~~~~~~~~~~^
        with_col_aliases=with_col_aliases or bool(combinator),
        ^^^^^^^^^^^^^^^^^^^^^^^^^^^^^^^^^^^^^^^^^^^^^^^^^^^^^^
    )
    ^
  File "D:\beenaya-soa\soa\services\library-service\venv\Lib\site-packages\django\db\models\sql\compiler.py", line 84, in pre_sql_setup
    self.setup_query(with_col_aliases=with_col_aliases)
    ~~~~~~~~~~~~~~~~^^^^^^^^^^^^^^^^^^^^^^^^^^^^^^^^^^^
  File "D:\beenaya-soa\soa\services\library-service\venv\Lib\site-packages\django\db\models\sql\compiler.py", line 73, in setup_query
    self.select, self.klass_info, self.annotation_col_map = self.get_select(
                                                            ~~~~~~~~~~~~~~~^
        with_col_aliases=with_col_aliases,
        ^^^^^^^^^^^^^^^^^^^^^^^^^^^^^^^^^^
    )
    ^
  File "D:\beenaya-soa\soa\services\library-service\venv\Lib\site-packages\django\db\models\sql\compiler.py", line 256, in get_select
    select_mask = self.query.get_select_mask()
  File "D:\beenaya-soa\soa\services\library-service\venv\Lib\site-packages\django\db\models\sql\query.py", line 866, in get_select_mask
    return self._get_only_select_mask(opts, mask)
           ~~~~~~~~~~~~~~~~~~~~~~~~~~^^^^^^^^^^^^
  File "D:\beenaya-soa\soa\services\library-service\venv\Lib\site-packages\django\db\models\sql\query.py", line 829, in _get_only_select_mask
    field = opts.get_field(field_name)
  File "D:\beenaya-soa\soa\services\library-service\venv\Lib\site-packages\django\db\models\options.py", line 683, in get_field
    raise FieldDoesNotExist(
        "%s has no field named '%s'" % (self.object_name, field_name)
    )
django.core.exceptions.FieldDoesNotExist: Categorie has no field named 'chemin_complet'
ERROR 2025-07-25 10:50:49,440 basehttp 28808 14204 "GET /api/categories/ HTTP/1.1" 500 191383
ERROR 2025-07-25 10:50:53,570 middleware 28808 18044 Erreur lors de la récupération du tenant 123e4567-e89b-12d3-a456-426614174000: 404
WARNING 2025-07-25 10:50:53,571 log 28808 18044 Unauthorized: /api/fournitures/
WARNING 2025-07-25 10:50:53,571 basehttp 28808 18044 "GET /api/fournitures/ HTTP/1.1" 401 89
ERROR 2025-07-25 10:51:02,560 log 28808 7060 Internal Server Error: /api/categories/
Traceback (most recent call last):
  File "D:\beenaya-soa\soa\services\library-service\venv\Lib\site-packages\django\db\models\options.py", line 681, in get_field
    return self.fields_map[field_name]
           ~~~~~~~~~~~~~~~^^^^^^^^^^^^
KeyError: 'chemin_complet'

During handling of the above exception, another exception occurred:

Traceback (most recent call last):
  File "D:\beenaya-soa\soa\services\library-service\venv\Lib\site-packages\django\core\handlers\exception.py", line 55, in inner
    response = get_response(request)
  File "D:\beenaya-soa\soa\services\library-service\venv\Lib\site-packages\django\core\handlers\base.py", line 197, in _get_response
    response = wrapped_callback(request, *callback_args, **callback_kwargs)
  File "D:\beenaya-soa\soa\services\library-service\venv\Lib\site-packages\django\views\decorators\csrf.py", line 65, in _view_wrapper
    return view_func(request, *args, **kwargs)
  File "D:\beenaya-soa\soa\services\library-service\venv\Lib\site-packages\rest_framework\viewsets.py", line 125, in view
    return self.dispatch(request, *args, **kwargs)
           ~~~~~~~~~~~~~^^^^^^^^^^^^^^^^^^^^^^^^^^
  File "D:\beenaya-soa\soa\services\library-service\venv\Lib\site-packages\rest_framework\views.py", line 509, in dispatch
    response = self.handle_exception(exc)
  File "D:\beenaya-soa\soa\services\library-service\venv\Lib\site-packages\rest_framework\views.py", line 469, in handle_exception
    self.raise_uncaught_exception(exc)
    ~~~~~~~~~~~~~~~~~~~~~~~~~~~~~^^^^^
  File "D:\beenaya-soa\soa\services\library-service\venv\Lib\site-packages\rest_framework\views.py", line 480, in raise_uncaught_exception
    raise exc
  File "D:\beenaya-soa\soa\services\library-service\venv\Lib\site-packages\rest_framework\views.py", line 506, in dispatch
    response = handler(request, *args, **kwargs)
  File "D:\beenaya-soa\soa\services\library-service\venv\Lib\site-packages\rest_framework\mixins.py", line 40, in list
    page = self.paginate_queryset(queryset)
  File "D:\beenaya-soa\soa\services\library-service\venv\Lib\site-packages\rest_framework\generics.py", line 171, in paginate_queryset
    return self.paginator.paginate_queryset(queryset, self.request, view=self)
           ~~~~~~~~~~~~~~~~~~~~~~~~~~~~~~~~^^^^^^^^^^^^^^^^^^^^^^^^^^^^^^^^^^^
  File "D:\beenaya-soa\soa\services\library-service\venv\Lib\site-packages\rest_framework\pagination.py", line 204, in paginate_queryset
    self.page = paginator.page(page_number)
                ~~~~~~~~~~~~~~^^^^^^^^^^^^^
  File "D:\beenaya-soa\soa\services\library-service\venv\Lib\site-packages\django\core\paginator.py", line 89, in page
    number = self.validate_number(number)
  File "D:\beenaya-soa\soa\services\library-service\venv\Lib\site-packages\django\core\paginator.py", line 70, in validate_number
    if number > self.num_pages:
                ^^^^^^^^^^^^^^
  File "D:\beenaya-soa\soa\services\library-service\venv\Lib\site-packages\django\utils\functional.py", line 47, in __get__
    res = instance.__dict__[self.name] = self.func(instance)
                                         ~~~~~~~~~^^^^^^^^^^
  File "D:\beenaya-soa\soa\services\library-service\venv\Lib\site-packages\django\core\paginator.py", line 116, in num_pages
    if self.count == 0 and not self.allow_empty_first_page:
       ^^^^^^^^^^
  File "D:\beenaya-soa\soa\services\library-service\venv\Lib\site-packages\django\utils\functional.py", line 47, in __get__
    res = instance.__dict__[self.name] = self.func(instance)
                                         ~~~~~~~~~^^^^^^^^^^
  File "D:\beenaya-soa\soa\services\library-service\venv\Lib\site-packages\django\core\paginator.py", line 110, in count
    return c()
  File "D:\beenaya-soa\soa\services\library-service\venv\Lib\site-packages\django\db\models\query.py", line 618, in count
    return self.query.get_count(using=self.db)
           ~~~~~~~~~~~~~~~~~~~~^^^^^^^^^^^^^^^
  File "D:\beenaya-soa\soa\services\library-service\venv\Lib\site-packages\django\db\models\sql\query.py", line 618, in get_count
    return obj.get_aggregation(using, {"__count": Count("*")})["__count"]
           ~~~~~~~~~~~~~~~~~~~^^^^^^^^^^^^^^^^^^^^^^^^^^^^^^^^
  File "D:\beenaya-soa\soa\services\library-service\venv\Lib\site-packages\django\db\models\sql\query.py", line 604, in get_aggregation
    result = compiler.execute_sql(SINGLE)
  File "D:\beenaya-soa\soa\services\library-service\venv\Lib\site-packages\django\db\models\sql\compiler.py", line 1549, in execute_sql
    sql, params = self.as_sql()
                  ~~~~~~~~~~~^^
  File "D:\beenaya-soa\soa\services\library-service\venv\Lib\site-packages\django\db\models\sql\compiler.py", line 736, in as_sql
    extra_select, order_by, group_by = self.pre_sql_setup(
                                       ~~~~~~~~~~~~~~~~~~^
        with_col_aliases=with_col_aliases or bool(combinator),
        ^^^^^^^^^^^^^^^^^^^^^^^^^^^^^^^^^^^^^^^^^^^^^^^^^^^^^^
    )
    ^
  File "D:\beenaya-soa\soa\services\library-service\venv\Lib\site-packages\django\db\models\sql\compiler.py", line 84, in pre_sql_setup
    self.setup_query(with_col_aliases=with_col_aliases)
    ~~~~~~~~~~~~~~~~^^^^^^^^^^^^^^^^^^^^^^^^^^^^^^^^^^^
  File "D:\beenaya-soa\soa\services\library-service\venv\Lib\site-packages\django\db\models\sql\compiler.py", line 73, in setup_query
    self.select, self.klass_info, self.annotation_col_map = self.get_select(
                                                            ~~~~~~~~~~~~~~~^
        with_col_aliases=with_col_aliases,
        ^^^^^^^^^^^^^^^^^^^^^^^^^^^^^^^^^^
    )
    ^
  File "D:\beenaya-soa\soa\services\library-service\venv\Lib\site-packages\django\db\models\sql\compiler.py", line 256, in get_select
    select_mask = self.query.get_select_mask()
  File "D:\beenaya-soa\soa\services\library-service\venv\Lib\site-packages\django\db\models\sql\query.py", line 866, in get_select_mask
    return self._get_only_select_mask(opts, mask)
           ~~~~~~~~~~~~~~~~~~~~~~~~~~^^^^^^^^^^^^
  File "D:\beenaya-soa\soa\services\library-service\venv\Lib\site-packages\django\db\models\sql\query.py", line 829, in _get_only_select_mask
    field = opts.get_field(field_name)
  File "D:\beenaya-soa\soa\services\library-service\venv\Lib\site-packages\django\db\models\options.py", line 683, in get_field
    raise FieldDoesNotExist(
        "%s has no field named '%s'" % (self.object_name, field_name)
    )
django.core.exceptions.FieldDoesNotExist: Categorie has no field named 'chemin_complet'
ERROR 2025-07-25 10:51:02,580 log 28808 31460 Internal Server Error: /api/categories/
Traceback (most recent call last):
  File "D:\beenaya-soa\soa\services\library-service\venv\Lib\site-packages\django\db\models\options.py", line 681, in get_field
    return self.fields_map[field_name]
           ~~~~~~~~~~~~~~~^^^^^^^^^^^^
KeyError: 'chemin_complet'

During handling of the above exception, another exception occurred:

Traceback (most recent call last):
  File "D:\beenaya-soa\soa\services\library-service\venv\Lib\site-packages\django\core\handlers\exception.py", line 55, in inner
    response = get_response(request)
  File "D:\beenaya-soa\soa\services\library-service\venv\Lib\site-packages\django\core\handlers\base.py", line 197, in _get_response
    response = wrapped_callback(request, *callback_args, **callback_kwargs)
  File "D:\beenaya-soa\soa\services\library-service\venv\Lib\site-packages\django\views\decorators\csrf.py", line 65, in _view_wrapper
    return view_func(request, *args, **kwargs)
  File "D:\beenaya-soa\soa\services\library-service\venv\Lib\site-packages\rest_framework\viewsets.py", line 125, in view
    return self.dispatch(request, *args, **kwargs)
           ~~~~~~~~~~~~~^^^^^^^^^^^^^^^^^^^^^^^^^^
  File "D:\beenaya-soa\soa\services\library-service\venv\Lib\site-packages\rest_framework\views.py", line 509, in dispatch
    response = self.handle_exception(exc)
  File "D:\beenaya-soa\soa\services\library-service\venv\Lib\site-packages\rest_framework\views.py", line 469, in handle_exception
    self.raise_uncaught_exception(exc)
    ~~~~~~~~~~~~~~~~~~~~~~~~~~~~~^^^^^
  File "D:\beenaya-soa\soa\services\library-service\venv\Lib\site-packages\rest_framework\views.py", line 480, in raise_uncaught_exception
    raise exc
  File "D:\beenaya-soa\soa\services\library-service\venv\Lib\site-packages\rest_framework\views.py", line 506, in dispatch
    response = handler(request, *args, **kwargs)
  File "D:\beenaya-soa\soa\services\library-service\venv\Lib\site-packages\rest_framework\mixins.py", line 40, in list
    page = self.paginate_queryset(queryset)
  File "D:\beenaya-soa\soa\services\library-service\venv\Lib\site-packages\rest_framework\generics.py", line 171, in paginate_queryset
    return self.paginator.paginate_queryset(queryset, self.request, view=self)
           ~~~~~~~~~~~~~~~~~~~~~~~~~~~~~~~~^^^^^^^^^^^^^^^^^^^^^^^^^^^^^^^^^^^
  File "D:\beenaya-soa\soa\services\library-service\venv\Lib\site-packages\rest_framework\pagination.py", line 204, in paginate_queryset
    self.page = paginator.page(page_number)
                ~~~~~~~~~~~~~~^^^^^^^^^^^^^
  File "D:\beenaya-soa\soa\services\library-service\venv\Lib\site-packages\django\core\paginator.py", line 89, in page
    number = self.validate_number(number)
  File "D:\beenaya-soa\soa\services\library-service\venv\Lib\site-packages\django\core\paginator.py", line 70, in validate_number
    if number > self.num_pages:
                ^^^^^^^^^^^^^^
  File "D:\beenaya-soa\soa\services\library-service\venv\Lib\site-packages\django\utils\functional.py", line 47, in __get__
    res = instance.__dict__[self.name] = self.func(instance)
                                         ~~~~~~~~~^^^^^^^^^^
  File "D:\beenaya-soa\soa\services\library-service\venv\Lib\site-packages\django\core\paginator.py", line 116, in num_pages
    if self.count == 0 and not self.allow_empty_first_page:
       ^^^^^^^^^^
  File "D:\beenaya-soa\soa\services\library-service\venv\Lib\site-packages\django\utils\functional.py", line 47, in __get__
    res = instance.__dict__[self.name] = self.func(instance)
                                         ~~~~~~~~~^^^^^^^^^^
  File "D:\beenaya-soa\soa\services\library-service\venv\Lib\site-packages\django\core\paginator.py", line 110, in count
    return c()
  File "D:\beenaya-soa\soa\services\library-service\venv\Lib\site-packages\django\db\models\query.py", line 618, in count
    return self.query.get_count(using=self.db)
           ~~~~~~~~~~~~~~~~~~~~^^^^^^^^^^^^^^^
  File "D:\beenaya-soa\soa\services\library-service\venv\Lib\site-packages\django\db\models\sql\query.py", line 618, in get_count
    return obj.get_aggregation(using, {"__count": Count("*")})["__count"]
           ~~~~~~~~~~~~~~~~~~~^^^^^^^^^^^^^^^^^^^^^^^^^^^^^^^^
  File "D:\beenaya-soa\soa\services\library-service\venv\Lib\site-packages\django\db\models\sql\query.py", line 604, in get_aggregation
    result = compiler.execute_sql(SINGLE)
  File "D:\beenaya-soa\soa\services\library-service\venv\Lib\site-packages\django\db\models\sql\compiler.py", line 1549, in execute_sql
    sql, params = self.as_sql()
                  ~~~~~~~~~~~^^
  File "D:\beenaya-soa\soa\services\library-service\venv\Lib\site-packages\django\db\models\sql\compiler.py", line 736, in as_sql
    extra_select, order_by, group_by = self.pre_sql_setup(
                                       ~~~~~~~~~~~~~~~~~~^
        with_col_aliases=with_col_aliases or bool(combinator),
        ^^^^^^^^^^^^^^^^^^^^^^^^^^^^^^^^^^^^^^^^^^^^^^^^^^^^^^
    )
    ^
  File "D:\beenaya-soa\soa\services\library-service\venv\Lib\site-packages\django\db\models\sql\compiler.py", line 84, in pre_sql_setup
    self.setup_query(with_col_aliases=with_col_aliases)
    ~~~~~~~~~~~~~~~~^^^^^^^^^^^^^^^^^^^^^^^^^^^^^^^^^^^
  File "D:\beenaya-soa\soa\services\library-service\venv\Lib\site-packages\django\db\models\sql\compiler.py", line 73, in setup_query
    self.select, self.klass_info, self.annotation_col_map = self.get_select(
                                                            ~~~~~~~~~~~~~~~^
        with_col_aliases=with_col_aliases,
        ^^^^^^^^^^^^^^^^^^^^^^^^^^^^^^^^^^
    )
    ^
  File "D:\beenaya-soa\soa\services\library-service\venv\Lib\site-packages\django\db\models\sql\compiler.py", line 256, in get_select
    select_mask = self.query.get_select_mask()
  File "D:\beenaya-soa\soa\services\library-service\venv\Lib\site-packages\django\db\models\sql\query.py", line 866, in get_select_mask
    return self._get_only_select_mask(opts, mask)
           ~~~~~~~~~~~~~~~~~~~~~~~~~~^^^^^^^^^^^^
  File "D:\beenaya-soa\soa\services\library-service\venv\Lib\site-packages\django\db\models\sql\query.py", line 829, in _get_only_select_mask
    field = opts.get_field(field_name)
  File "D:\beenaya-soa\soa\services\library-service\venv\Lib\site-packages\django\db\models\options.py", line 683, in get_field
    raise FieldDoesNotExist(
        "%s has no field named '%s'" % (self.object_name, field_name)
    )
django.core.exceptions.FieldDoesNotExist: Categorie has no field named 'chemin_complet'
ERROR 2025-07-25 10:51:02,600 log 28808 17416 Internal Server Error: /api/categories/
Traceback (most recent call last):
  File "D:\beenaya-soa\soa\services\library-service\venv\Lib\site-packages\django\db\models\options.py", line 681, in get_field
    return self.fields_map[field_name]
           ~~~~~~~~~~~~~~~^^^^^^^^^^^^
KeyError: 'chemin_complet'

During handling of the above exception, another exception occurred:

Traceback (most recent call last):
  File "D:\beenaya-soa\soa\services\library-service\venv\Lib\site-packages\django\core\handlers\exception.py", line 55, in inner
    response = get_response(request)
  File "D:\beenaya-soa\soa\services\library-service\venv\Lib\site-packages\django\core\handlers\base.py", line 197, in _get_response
    response = wrapped_callback(request, *callback_args, **callback_kwargs)
  File "D:\beenaya-soa\soa\services\library-service\venv\Lib\site-packages\django\views\decorators\csrf.py", line 65, in _view_wrapper
    return view_func(request, *args, **kwargs)
  File "D:\beenaya-soa\soa\services\library-service\venv\Lib\site-packages\rest_framework\viewsets.py", line 125, in view
    return self.dispatch(request, *args, **kwargs)
           ~~~~~~~~~~~~~^^^^^^^^^^^^^^^^^^^^^^^^^^
  File "D:\beenaya-soa\soa\services\library-service\venv\Lib\site-packages\rest_framework\views.py", line 509, in dispatch
    response = self.handle_exception(exc)
  File "D:\beenaya-soa\soa\services\library-service\venv\Lib\site-packages\rest_framework\views.py", line 469, in handle_exception
    self.raise_uncaught_exception(exc)
    ~~~~~~~~~~~~~~~~~~~~~~~~~~~~~^^^^^
  File "D:\beenaya-soa\soa\services\library-service\venv\Lib\site-packages\rest_framework\views.py", line 480, in raise_uncaught_exception
    raise exc
  File "D:\beenaya-soa\soa\services\library-service\venv\Lib\site-packages\rest_framework\views.py", line 506, in dispatch
    response = handler(request, *args, **kwargs)
  File "D:\beenaya-soa\soa\services\library-service\venv\Lib\site-packages\rest_framework\mixins.py", line 40, in list
    page = self.paginate_queryset(queryset)
  File "D:\beenaya-soa\soa\services\library-service\venv\Lib\site-packages\rest_framework\generics.py", line 171, in paginate_queryset
    return self.paginator.paginate_queryset(queryset, self.request, view=self)
           ~~~~~~~~~~~~~~~~~~~~~~~~~~~~~~~~^^^^^^^^^^^^^^^^^^^^^^^^^^^^^^^^^^^
  File "D:\beenaya-soa\soa\services\library-service\venv\Lib\site-packages\rest_framework\pagination.py", line 204, in paginate_queryset
    self.page = paginator.page(page_number)
                ~~~~~~~~~~~~~~^^^^^^^^^^^^^
  File "D:\beenaya-soa\soa\services\library-service\venv\Lib\site-packages\django\core\paginator.py", line 89, in page
    number = self.validate_number(number)
  File "D:\beenaya-soa\soa\services\library-service\venv\Lib\site-packages\django\core\paginator.py", line 70, in validate_number
    if number > self.num_pages:
                ^^^^^^^^^^^^^^
  File "D:\beenaya-soa\soa\services\library-service\venv\Lib\site-packages\django\utils\functional.py", line 47, in __get__
    res = instance.__dict__[self.name] = self.func(instance)
                                         ~~~~~~~~~^^^^^^^^^^
  File "D:\beenaya-soa\soa\services\library-service\venv\Lib\site-packages\django\core\paginator.py", line 116, in num_pages
    if self.count == 0 and not self.allow_empty_first_page:
       ^^^^^^^^^^
  File "D:\beenaya-soa\soa\services\library-service\venv\Lib\site-packages\django\utils\functional.py", line 47, in __get__
    res = instance.__dict__[self.name] = self.func(instance)
                                         ~~~~~~~~~^^^^^^^^^^
  File "D:\beenaya-soa\soa\services\library-service\venv\Lib\site-packages\django\core\paginator.py", line 110, in count
    return c()
  File "D:\beenaya-soa\soa\services\library-service\venv\Lib\site-packages\django\db\models\query.py", line 618, in count
    return self.query.get_count(using=self.db)
           ~~~~~~~~~~~~~~~~~~~~^^^^^^^^^^^^^^^
  File "D:\beenaya-soa\soa\services\library-service\venv\Lib\site-packages\django\db\models\sql\query.py", line 618, in get_count
    return obj.get_aggregation(using, {"__count": Count("*")})["__count"]
           ~~~~~~~~~~~~~~~~~~~^^^^^^^^^^^^^^^^^^^^^^^^^^^^^^^^
  File "D:\beenaya-soa\soa\services\library-service\venv\Lib\site-packages\django\db\models\sql\query.py", line 604, in get_aggregation
    result = compiler.execute_sql(SINGLE)
  File "D:\beenaya-soa\soa\services\library-service\venv\Lib\site-packages\django\db\models\sql\compiler.py", line 1549, in execute_sql
    sql, params = self.as_sql()
                  ~~~~~~~~~~~^^
  File "D:\beenaya-soa\soa\services\library-service\venv\Lib\site-packages\django\db\models\sql\compiler.py", line 736, in as_sql
    extra_select, order_by, group_by = self.pre_sql_setup(
                                       ~~~~~~~~~~~~~~~~~~^
        with_col_aliases=with_col_aliases or bool(combinator),
        ^^^^^^^^^^^^^^^^^^^^^^^^^^^^^^^^^^^^^^^^^^^^^^^^^^^^^^
    )
    ^
  File "D:\beenaya-soa\soa\services\library-service\venv\Lib\site-packages\django\db\models\sql\compiler.py", line 84, in pre_sql_setup
    self.setup_query(with_col_aliases=with_col_aliases)
    ~~~~~~~~~~~~~~~~^^^^^^^^^^^^^^^^^^^^^^^^^^^^^^^^^^^
  File "D:\beenaya-soa\soa\services\library-service\venv\Lib\site-packages\django\db\models\sql\compiler.py", line 73, in setup_query
    self.select, self.klass_info, self.annotation_col_map = self.get_select(
                                                            ~~~~~~~~~~~~~~~^
        with_col_aliases=with_col_aliases,
        ^^^^^^^^^^^^^^^^^^^^^^^^^^^^^^^^^^
    )
    ^
  File "D:\beenaya-soa\soa\services\library-service\venv\Lib\site-packages\django\db\models\sql\compiler.py", line 256, in get_select
    select_mask = self.query.get_select_mask()
  File "D:\beenaya-soa\soa\services\library-service\venv\Lib\site-packages\django\db\models\sql\query.py", line 866, in get_select_mask
    return self._get_only_select_mask(opts, mask)
           ~~~~~~~~~~~~~~~~~~~~~~~~~~^^^^^^^^^^^^
  File "D:\beenaya-soa\soa\services\library-service\venv\Lib\site-packages\django\db\models\sql\query.py", line 829, in _get_only_select_mask
    field = opts.get_field(field_name)
  File "D:\beenaya-soa\soa\services\library-service\venv\Lib\site-packages\django\db\models\options.py", line 683, in get_field
    raise FieldDoesNotExist(
        "%s has no field named '%s'" % (self.object_name, field_name)
    )
django.core.exceptions.FieldDoesNotExist: Categorie has no field named 'chemin_complet'
ERROR 2025-07-25 10:51:02,633 log 28808 12332 Internal Server Error: /api/categories/
Traceback (most recent call last):
  File "D:\beenaya-soa\soa\services\library-service\venv\Lib\site-packages\django\db\models\options.py", line 681, in get_field
    return self.fields_map[field_name]
           ~~~~~~~~~~~~~~~^^^^^^^^^^^^
KeyError: 'chemin_complet'

During handling of the above exception, another exception occurred:

Traceback (most recent call last):
  File "D:\beenaya-soa\soa\services\library-service\venv\Lib\site-packages\django\core\handlers\exception.py", line 55, in inner
    response = get_response(request)
  File "D:\beenaya-soa\soa\services\library-service\venv\Lib\site-packages\django\core\handlers\base.py", line 197, in _get_response
    response = wrapped_callback(request, *callback_args, **callback_kwargs)
  File "D:\beenaya-soa\soa\services\library-service\venv\Lib\site-packages\django\views\decorators\csrf.py", line 65, in _view_wrapper
    return view_func(request, *args, **kwargs)
  File "D:\beenaya-soa\soa\services\library-service\venv\Lib\site-packages\rest_framework\viewsets.py", line 125, in view
    return self.dispatch(request, *args, **kwargs)
           ~~~~~~~~~~~~~^^^^^^^^^^^^^^^^^^^^^^^^^^
  File "D:\beenaya-soa\soa\services\library-service\venv\Lib\site-packages\rest_framework\views.py", line 509, in dispatch
    response = self.handle_exception(exc)
  File "D:\beenaya-soa\soa\services\library-service\venv\Lib\site-packages\rest_framework\views.py", line 469, in handle_exception
    self.raise_uncaught_exception(exc)
    ~~~~~~~~~~~~~~~~~~~~~~~~~~~~~^^^^^
  File "D:\beenaya-soa\soa\services\library-service\venv\Lib\site-packages\rest_framework\views.py", line 480, in raise_uncaught_exception
    raise exc
  File "D:\beenaya-soa\soa\services\library-service\venv\Lib\site-packages\rest_framework\views.py", line 506, in dispatch
    response = handler(request, *args, **kwargs)
  File "D:\beenaya-soa\soa\services\library-service\venv\Lib\site-packages\rest_framework\mixins.py", line 40, in list
    page = self.paginate_queryset(queryset)
  File "D:\beenaya-soa\soa\services\library-service\venv\Lib\site-packages\rest_framework\generics.py", line 171, in paginate_queryset
    return self.paginator.paginate_queryset(queryset, self.request, view=self)
           ~~~~~~~~~~~~~~~~~~~~~~~~~~~~~~~~^^^^^^^^^^^^^^^^^^^^^^^^^^^^^^^^^^^
  File "D:\beenaya-soa\soa\services\library-service\venv\Lib\site-packages\rest_framework\pagination.py", line 204, in paginate_queryset
    self.page = paginator.page(page_number)
                ~~~~~~~~~~~~~~^^^^^^^^^^^^^
  File "D:\beenaya-soa\soa\services\library-service\venv\Lib\site-packages\django\core\paginator.py", line 89, in page
    number = self.validate_number(number)
  File "D:\beenaya-soa\soa\services\library-service\venv\Lib\site-packages\django\core\paginator.py", line 70, in validate_number
    if number > self.num_pages:
                ^^^^^^^^^^^^^^
  File "D:\beenaya-soa\soa\services\library-service\venv\Lib\site-packages\django\utils\functional.py", line 47, in __get__
    res = instance.__dict__[self.name] = self.func(instance)
                                         ~~~~~~~~~^^^^^^^^^^
  File "D:\beenaya-soa\soa\services\library-service\venv\Lib\site-packages\django\core\paginator.py", line 116, in num_pages
    if self.count == 0 and not self.allow_empty_first_page:
       ^^^^^^^^^^
  File "D:\beenaya-soa\soa\services\library-service\venv\Lib\site-packages\django\utils\functional.py", line 47, in __get__
    res = instance.__dict__[self.name] = self.func(instance)
                                         ~~~~~~~~~^^^^^^^^^^
  File "D:\beenaya-soa\soa\services\library-service\venv\Lib\site-packages\django\core\paginator.py", line 110, in count
    return c()
  File "D:\beenaya-soa\soa\services\library-service\venv\Lib\site-packages\django\db\models\query.py", line 618, in count
    return self.query.get_count(using=self.db)
           ~~~~~~~~~~~~~~~~~~~~^^^^^^^^^^^^^^^
  File "D:\beenaya-soa\soa\services\library-service\venv\Lib\site-packages\django\db\models\sql\query.py", line 618, in get_count
    return obj.get_aggregation(using, {"__count": Count("*")})["__count"]
           ~~~~~~~~~~~~~~~~~~~^^^^^^^^^^^^^^^^^^^^^^^^^^^^^^^^
  File "D:\beenaya-soa\soa\services\library-service\venv\Lib\site-packages\django\db\models\sql\query.py", line 604, in get_aggregation
    result = compiler.execute_sql(SINGLE)
  File "D:\beenaya-soa\soa\services\library-service\venv\Lib\site-packages\django\db\models\sql\compiler.py", line 1549, in execute_sql
    sql, params = self.as_sql()
                  ~~~~~~~~~~~^^
  File "D:\beenaya-soa\soa\services\library-service\venv\Lib\site-packages\django\db\models\sql\compiler.py", line 736, in as_sql
    extra_select, order_by, group_by = self.pre_sql_setup(
                                       ~~~~~~~~~~~~~~~~~~^
        with_col_aliases=with_col_aliases or bool(combinator),
        ^^^^^^^^^^^^^^^^^^^^^^^^^^^^^^^^^^^^^^^^^^^^^^^^^^^^^^
    )
    ^
  File "D:\beenaya-soa\soa\services\library-service\venv\Lib\site-packages\django\db\models\sql\compiler.py", line 84, in pre_sql_setup
    self.setup_query(with_col_aliases=with_col_aliases)
    ~~~~~~~~~~~~~~~~^^^^^^^^^^^^^^^^^^^^^^^^^^^^^^^^^^^
  File "D:\beenaya-soa\soa\services\library-service\venv\Lib\site-packages\django\db\models\sql\compiler.py", line 73, in setup_query
    self.select, self.klass_info, self.annotation_col_map = self.get_select(
                                                            ~~~~~~~~~~~~~~~^
        with_col_aliases=with_col_aliases,
        ^^^^^^^^^^^^^^^^^^^^^^^^^^^^^^^^^^
    )
    ^
  File "D:\beenaya-soa\soa\services\library-service\venv\Lib\site-packages\django\db\models\sql\compiler.py", line 256, in get_select
    select_mask = self.query.get_select_mask()
  File "D:\beenaya-soa\soa\services\library-service\venv\Lib\site-packages\django\db\models\sql\query.py", line 866, in get_select_mask
    return self._get_only_select_mask(opts, mask)
           ~~~~~~~~~~~~~~~~~~~~~~~~~~^^^^^^^^^^^^
  File "D:\beenaya-soa\soa\services\library-service\venv\Lib\site-packages\django\db\models\sql\query.py", line 829, in _get_only_select_mask
    field = opts.get_field(field_name)
  File "D:\beenaya-soa\soa\services\library-service\venv\Lib\site-packages\django\db\models\options.py", line 683, in get_field
    raise FieldDoesNotExist(
        "%s has no field named '%s'" % (self.object_name, field_name)
    )
django.core.exceptions.FieldDoesNotExist: Categorie has no field named 'chemin_complet'
ERROR 2025-07-25 10:51:02,634 log 28808 33240 Internal Server Error: /api/categories/
Traceback (most recent call last):
  File "D:\beenaya-soa\soa\services\library-service\venv\Lib\site-packages\django\db\models\options.py", line 681, in get_field
    return self.fields_map[field_name]
           ~~~~~~~~~~~~~~~^^^^^^^^^^^^
KeyError: 'chemin_complet'

During handling of the above exception, another exception occurred:

Traceback (most recent call last):
  File "D:\beenaya-soa\soa\services\library-service\venv\Lib\site-packages\django\core\handlers\exception.py", line 55, in inner
    response = get_response(request)
  File "D:\beenaya-soa\soa\services\library-service\venv\Lib\site-packages\django\core\handlers\base.py", line 197, in _get_response
    response = wrapped_callback(request, *callback_args, **callback_kwargs)
  File "D:\beenaya-soa\soa\services\library-service\venv\Lib\site-packages\django\views\decorators\csrf.py", line 65, in _view_wrapper
    return view_func(request, *args, **kwargs)
  File "D:\beenaya-soa\soa\services\library-service\venv\Lib\site-packages\rest_framework\viewsets.py", line 125, in view
    return self.dispatch(request, *args, **kwargs)
           ~~~~~~~~~~~~~^^^^^^^^^^^^^^^^^^^^^^^^^^
  File "D:\beenaya-soa\soa\services\library-service\venv\Lib\site-packages\rest_framework\views.py", line 509, in dispatch
    response = self.handle_exception(exc)
  File "D:\beenaya-soa\soa\services\library-service\venv\Lib\site-packages\rest_framework\views.py", line 469, in handle_exception
    self.raise_uncaught_exception(exc)
    ~~~~~~~~~~~~~~~~~~~~~~~~~~~~~^^^^^
  File "D:\beenaya-soa\soa\services\library-service\venv\Lib\site-packages\rest_framework\views.py", line 480, in raise_uncaught_exception
    raise exc
  File "D:\beenaya-soa\soa\services\library-service\venv\Lib\site-packages\rest_framework\views.py", line 506, in dispatch
    response = handler(request, *args, **kwargs)
  File "D:\beenaya-soa\soa\services\library-service\venv\Lib\site-packages\rest_framework\mixins.py", line 40, in list
    page = self.paginate_queryset(queryset)
  File "D:\beenaya-soa\soa\services\library-service\venv\Lib\site-packages\rest_framework\generics.py", line 171, in paginate_queryset
    return self.paginator.paginate_queryset(queryset, self.request, view=self)
           ~~~~~~~~~~~~~~~~~~~~~~~~~~~~~~~~^^^^^^^^^^^^^^^^^^^^^^^^^^^^^^^^^^^
  File "D:\beenaya-soa\soa\services\library-service\venv\Lib\site-packages\rest_framework\pagination.py", line 204, in paginate_queryset
    self.page = paginator.page(page_number)
                ~~~~~~~~~~~~~~^^^^^^^^^^^^^
  File "D:\beenaya-soa\soa\services\library-service\venv\Lib\site-packages\django\core\paginator.py", line 89, in page
    number = self.validate_number(number)
  File "D:\beenaya-soa\soa\services\library-service\venv\Lib\site-packages\django\core\paginator.py", line 70, in validate_number
    if number > self.num_pages:
                ^^^^^^^^^^^^^^
  File "D:\beenaya-soa\soa\services\library-service\venv\Lib\site-packages\django\utils\functional.py", line 47, in __get__
    res = instance.__dict__[self.name] = self.func(instance)
                                         ~~~~~~~~~^^^^^^^^^^
  File "D:\beenaya-soa\soa\services\library-service\venv\Lib\site-packages\django\core\paginator.py", line 116, in num_pages
    if self.count == 0 and not self.allow_empty_first_page:
       ^^^^^^^^^^
  File "D:\beenaya-soa\soa\services\library-service\venv\Lib\site-packages\django\utils\functional.py", line 47, in __get__
    res = instance.__dict__[self.name] = self.func(instance)
                                         ~~~~~~~~~^^^^^^^^^^
  File "D:\beenaya-soa\soa\services\library-service\venv\Lib\site-packages\django\core\paginator.py", line 110, in count
    return c()
  File "D:\beenaya-soa\soa\services\library-service\venv\Lib\site-packages\django\db\models\query.py", line 618, in count
    return self.query.get_count(using=self.db)
           ~~~~~~~~~~~~~~~~~~~~^^^^^^^^^^^^^^^
  File "D:\beenaya-soa\soa\services\library-service\venv\Lib\site-packages\django\db\models\sql\query.py", line 618, in get_count
    return obj.get_aggregation(using, {"__count": Count("*")})["__count"]
           ~~~~~~~~~~~~~~~~~~~^^^^^^^^^^^^^^^^^^^^^^^^^^^^^^^^
  File "D:\beenaya-soa\soa\services\library-service\venv\Lib\site-packages\django\db\models\sql\query.py", line 604, in get_aggregation
    result = compiler.execute_sql(SINGLE)
  File "D:\beenaya-soa\soa\services\library-service\venv\Lib\site-packages\django\db\models\sql\compiler.py", line 1549, in execute_sql
    sql, params = self.as_sql()
                  ~~~~~~~~~~~^^
  File "D:\beenaya-soa\soa\services\library-service\venv\Lib\site-packages\django\db\models\sql\compiler.py", line 736, in as_sql
    extra_select, order_by, group_by = self.pre_sql_setup(
                                       ~~~~~~~~~~~~~~~~~~^
        with_col_aliases=with_col_aliases or bool(combinator),
        ^^^^^^^^^^^^^^^^^^^^^^^^^^^^^^^^^^^^^^^^^^^^^^^^^^^^^^
    )
    ^
  File "D:\beenaya-soa\soa\services\library-service\venv\Lib\site-packages\django\db\models\sql\compiler.py", line 84, in pre_sql_setup
    self.setup_query(with_col_aliases=with_col_aliases)
    ~~~~~~~~~~~~~~~~^^^^^^^^^^^^^^^^^^^^^^^^^^^^^^^^^^^
  File "D:\beenaya-soa\soa\services\library-service\venv\Lib\site-packages\django\db\models\sql\compiler.py", line 73, in setup_query
    self.select, self.klass_info, self.annotation_col_map = self.get_select(
                                                            ~~~~~~~~~~~~~~~^
        with_col_aliases=with_col_aliases,
        ^^^^^^^^^^^^^^^^^^^^^^^^^^^^^^^^^^
    )
    ^
  File "D:\beenaya-soa\soa\services\library-service\venv\Lib\site-packages\django\db\models\sql\compiler.py", line 256, in get_select
    select_mask = self.query.get_select_mask()
  File "D:\beenaya-soa\soa\services\library-service\venv\Lib\site-packages\django\db\models\sql\query.py", line 866, in get_select_mask
    return self._get_only_select_mask(opts, mask)
           ~~~~~~~~~~~~~~~~~~~~~~~~~~^^^^^^^^^^^^
  File "D:\beenaya-soa\soa\services\library-service\venv\Lib\site-packages\django\db\models\sql\query.py", line 829, in _get_only_select_mask
    field = opts.get_field(field_name)
  File "D:\beenaya-soa\soa\services\library-service\venv\Lib\site-packages\django\db\models\options.py", line 683, in get_field
    raise FieldDoesNotExist(
        "%s has no field named '%s'" % (self.object_name, field_name)
    )
django.core.exceptions.FieldDoesNotExist: Categorie has no field named 'chemin_complet'
ERROR 2025-07-25 10:51:02,637 basehttp 28808 7060 "GET /api/categories/ HTTP/1.1" 500 191654
ERROR 2025-07-25 10:51:02,641 basehttp 28808 31460 "GET /api/categories/ HTTP/1.1" 500 191654
ERROR 2025-07-25 10:51:02,644 basehttp 28808 17416 "GET /api/categories/ HTTP/1.1" 500 191654
ERROR 2025-07-25 10:51:02,648 basehttp 28808 12332 "GET /api/categories/ HTTP/1.1" 500 191654
ERROR 2025-07-25 10:51:02,651 basehttp 28808 33240 "GET /api/categories/ HTTP/1.1" 500 191654
INFO 2025-07-25 10:52:20,428 autoreload 1928 28008 D:\beenaya-soa\soa\services\library-service\library\middleware.py changed, reloading.
INFO 2025-07-25 10:52:20,772 autoreload 28808 24184 D:\beenaya-soa\soa\services\library-service\library\middleware.py changed, reloading.
INFO 2025-07-25 10:52:21,228 autoreload 22088 30012 Watching for file changes with StatReloader
INFO 2025-07-25 10:52:21,470 autoreload 16932 15556 Watching for file changes with StatReloader
WARNING 2025-07-25 10:52:52,037 middleware 16932 34596 Library - Tenant invalide ou inexistant: 99999999-9999-9999-9999-999999999999
WARNING 2025-07-25 10:52:52,038 log 16932 34596 Unauthorized: /api/categories/
WARNING 2025-07-25 10:52:52,038 basehttp 16932 34596 "GET /api/categories/ HTTP/1.1" 401 102
WARNING 2025-07-25 10:52:54,083 log 16932 6364 Bad Request: /api/categories/
WARNING 2025-07-25 10:52:54,083 basehttp 16932 6364 "GET /api/categories/ HTTP/1.1" 400 98
INFO 2025-07-25 10:52:56,131 basehttp 16932 29984 "GET /health/ HTTP/1.1" 200 88
INFO 2025-07-25 10:53:46,157 basehttp 16932 23104 "GET /api/main-oeuvre/ HTTP/1.1" 200 52
INFO 2025-07-25 10:53:46,276 basehttp 16932 9700 "GET /api/fournitures/ HTTP/1.1" 200 52
INFO 2025-07-25 10:53:46,277 basehttp 16932 24312 "GET /api/ouvrages/ HTTP/1.1" 200 52
INFO 2025-07-25 10:53:46,531 basehttp 16932 23016 "GET /api/main-oeuvre/ HTTP/1.1" 200 52
INFO 2025-07-25 10:53:46,532 basehttp 16932 33220 "GET /api/fournitures/ HTTP/1.1" 200 52
INFO 2025-07-25 10:53:46,778 basehttp 16932 1676 "GET /api/ouvrages/ HTTP/1.1" 200 52
INFO 2025-07-25 10:55:43,108 mixins 16932 17848 Library - Action: create, User: None, Tenant: ETAO
INFO 2025-07-25 10:55:43,123 basehttp 16932 17848 "POST /api/fournitures/ HTTP/1.1" 201 400
INFO 2025-07-25 10:55:43,965 basehttp 16932 25444 "GET /api/fournitures/1/ HTTP/1.1" 200 404
INFO 2025-07-25 10:55:44,081 basehttp 16932 18516 "GET /api/fournitures/1/ HTTP/1.1" 200 404
INFO 2025-07-25 10:57:53,418 autoreload 16932 15556 D:\beenaya-soa\soa\services\library-service\library\middleware.py changed, reloading.
INFO 2025-07-25 10:57:53,585 autoreload 22088 30012 D:\beenaya-soa\soa\services\library-service\library\middleware.py changed, reloading.
INFO 2025-07-25 10:57:53,998 autoreload 11276 33040 Watching for file changes with StatReloader
INFO 2025-07-25 10:57:54,280 autoreload 28828 24988 Watching for file changes with StatReloader
INFO 2025-07-25 10:58:00,453 autoreload 28828 24988 D:\beenaya-soa\soa\services\library-service\library\middleware.py changed, reloading.
INFO 2025-07-25 10:58:00,891 autoreload 11276 33040 D:\beenaya-soa\soa\services\library-service\library\middleware.py changed, reloading.
INFO 2025-07-25 10:58:01,170 autoreload 8648 14988 Watching for file changes with StatReloader
INFO 2025-07-25 10:58:01,458 autoreload 31764 22592 Watching for file changes with StatReloader
INFO 2025-07-25 10:58:14,654 autoreload 31764 22592 D:\beenaya-soa\soa\services\library-service\library\middleware.py changed, reloading.
INFO 2025-07-25 10:58:14,759 autoreload 8648 14988 D:\beenaya-soa\soa\services\library-service\library\middleware.py changed, reloading.
INFO 2025-07-25 10:58:15,204 autoreload 32628 2028 Watching for file changes with StatReloader
INFO 2025-07-25 10:58:15,438 autoreload 27108 34784 Watching for file changes with StatReloader
INFO 2025-07-25 10:58:46,263 basehttp 32628 30268 "GET /health/ HTTP/1.1" 200 88
WARNING 2025-07-25 10:58:50,389 middleware 32628 7664 Library - Tenant invalide ou inexistant: a1b2c3d4-e5f6-7890-abcd-ef1234567890
WARNING 2025-07-25 10:58:50,389 log 32628 7664 Unauthorized: /api/categories/
WARNING 2025-07-25 10:58:50,390 basehttp 32628 7664 "GET /api/categories/ HTTP/1.1" 401 102
WARNING 2025-07-25 10:58:54,615 middleware 32628 17540 Library - Tenant invalide ou inexistant: a1b2c3d4-e5f6-7890-abcd-ef1234567890
WARNING 2025-07-25 10:58:54,615 log 32628 17540 Unauthorized: /api/fournitures/
WARNING 2025-07-25 10:58:54,615 basehttp 32628 17540 "GET /api/fournitures/ HTTP/1.1" 401 102
WARNING 2025-07-25 10:58:56,677 log 32628 22104 Bad Request: /api/categories/
WARNING 2025-07-25 10:58:56,677 basehttp 32628 22104 "GET /api/categories/ HTTP/1.1" 400 115
INFO 2025-07-25 11:03:20,695 basehttp 32628 11376 "GET /health/ HTTP/1.1" 200 88
WARNING 2025-07-25 11:03:24,845 middleware 32628 33300 Library - Tenant invalide ou inexistant: 11111111-2222-3333-4444-555555555555
WARNING 2025-07-25 11:03:24,845 log 32628 33300 Unauthorized: /api/categories/
WARNING 2025-07-25 11:03:24,846 basehttp 32628 33300 "GET /api/categories/ HTTP/1.1" 401 102
WARNING 2025-07-25 11:03:28,961 middleware 32628 7716 Library - Tenant invalide ou inexistant: 11111111-2222-3333-4444-555555555555
WARNING 2025-07-25 11:03:28,961 log 32628 7716 Unauthorized: /api/categories/racines/
WARNING 2025-07-25 11:03:28,962 basehttp 32628 7716 "GET /api/categories/racines/ HTTP/1.1" 401 102
WARNING 2025-07-25 11:03:33,062 middleware 32628 7668 Library - Tenant invalide ou inexistant: 11111111-2222-3333-4444-555555555555
WARNING 2025-07-25 11:03:33,063 log 32628 7668 Unauthorized: /api/categories/stats/
WARNING 2025-07-25 11:03:33,063 basehttp 32628 7668 "GET /api/categories/stats/ HTTP/1.1" 401 102
WARNING 2025-07-25 11:03:37,223 middleware 32628 9516 Library - Tenant invalide ou inexistant: 11111111-2222-3333-4444-555555555555
WARNING 2025-07-25 11:03:37,223 log 32628 9516 Unauthorized: /api/fournitures/
WARNING 2025-07-25 11:03:37,224 basehttp 32628 9516 "GET /api/fournitures/ HTTP/1.1" 401 102
WARNING 2025-07-25 11:03:41,341 middleware 32628 27620 Library - Tenant invalide ou inexistant: 11111111-2222-3333-4444-555555555555
WARNING 2025-07-25 11:03:41,341 log 32628 27620 Unauthorized: /api/fournitures/stats/
WARNING 2025-07-25 11:03:41,342 basehttp 32628 27620 "GET /api/fournitures/stats/ HTTP/1.1" 401 102
WARNING 2025-07-25 11:03:45,479 middleware 32628 30176 Library - Tenant invalide ou inexistant: 11111111-2222-3333-4444-555555555555
WARNING 2025-07-25 11:03:45,479 log 32628 30176 Unauthorized: /api/fournitures/par_categorie/
WARNING 2025-07-25 11:03:45,480 basehttp 32628 30176 "GET /api/fournitures/par_categorie/ HTTP/1.1" 401 102
WARNING 2025-07-25 11:03:49,636 middleware 32628 22124 Library - Tenant invalide ou inexistant: 11111111-2222-3333-4444-555555555555
WARNING 2025-07-25 11:03:49,636 log 32628 22124 Unauthorized: /api/main-oeuvre/
WARNING 2025-07-25 11:03:49,637 basehttp 32628 22124 "GET /api/main-oeuvre/ HTTP/1.1" 401 102
WARNING 2025-07-25 11:03:53,760 middleware 32628 30280 Library - Tenant invalide ou inexistant: 11111111-2222-3333-4444-555555555555
WARNING 2025-07-25 11:03:53,761 log 32628 30280 Unauthorized: /api/main-oeuvre/stats/
WARNING 2025-07-25 11:03:53,761 basehttp 32628 30280 "GET /api/main-oeuvre/stats/ HTTP/1.1" 401 102
WARNING 2025-07-25 11:03:57,903 middleware 32628 14204 Library - Tenant invalide ou inexistant: 11111111-2222-3333-4444-555555555555
WARNING 2025-07-25 11:03:57,904 log 32628 14204 Unauthorized: /api/main-oeuvre/par_categorie/
WARNING 2025-07-25 11:03:57,904 basehttp 32628 14204 "GET /api/main-oeuvre/par_categorie/ HTTP/1.1" 401 102
WARNING 2025-07-25 11:04:02,040 middleware 32628 30504 Library - Tenant invalide ou inexistant: 11111111-2222-3333-4444-555555555555
WARNING 2025-07-25 11:04:02,040 log 32628 30504 Unauthorized: /api/ouvrages/
WARNING 2025-07-25 11:04:02,040 basehttp 32628 30504 "GET /api/ouvrages/ HTTP/1.1" 401 102
WARNING 2025-07-25 11:04:06,175 middleware 32628 5560 Library - Tenant invalide ou inexistant: 11111111-2222-3333-4444-555555555555
WARNING 2025-07-25 11:04:06,176 log 32628 5560 Unauthorized: /api/ouvrages/stats/
WARNING 2025-07-25 11:04:06,176 basehttp 32628 5560 "GET /api/ouvrages/stats/ HTTP/1.1" 401 102
WARNING 2025-07-25 11:04:10,302 middleware 32628 8532 Library - Tenant invalide ou inexistant: 11111111-2222-3333-4444-555555555555
WARNING 2025-07-25 11:04:10,302 log 32628 8532 Unauthorized: /api/ouvrages/par_categorie/
WARNING 2025-07-25 11:04:10,302 basehttp 32628 8532 "GET /api/ouvrages/par_categorie/ HTTP/1.1" 401 102
INFO 2025-07-25 11:05:29,806 basehttp 32628 30980 "GET /api/ouvrages/ HTTP/1.1" 200 52
INFO 2025-07-25 11:05:29,824 basehttp 32628 24204 "GET /api/main-oeuvre/ HTTP/1.1" 200 52
INFO 2025-07-25 11:05:29,826 basehttp 32628 32048 "GET /api/main-oeuvre/ HTTP/1.1" 200 52
INFO 2025-07-25 11:05:29,826 basehttp 32628 31564 "GET /api/ouvrages/ HTTP/1.1" 200 52
INFO 2025-07-25 11:05:29,853 basehttp 32628 16652 "GET /api/fournitures/ HTTP/1.1" 200 452
INFO 2025-07-25 11:05:29,854 basehttp 32628 34640 "GET /api/fournitures/ HTTP/1.1" 200 452
INFO 2025-07-25 11:05:41,756 basehttp 32628 22284 "GET /api/fournitures/1/ HTTP/1.1" 200 404
INFO 2025-07-25 11:05:41,879 basehttp 32628 32692 "GET /api/fournitures/1/ HTTP/1.1" 200 404
INFO 2025-07-25 11:05:56,483 mixins 32628 6256 Library - Action: update, User: None, Tenant: ETAO
INFO 2025-07-25 11:05:56,489 basehttp 32628 6256 "PATCH /api/fournitures/1/ HTTP/1.1" 200 402
INFO 2025-07-25 11:10:25,460 basehttp 32628 30408 "GET /api/fournitures/1/ HTTP/1.1" 200 406
INFO 2025-07-25 11:10:26,034 basehttp 32628 34376 "GET /api/fournitures/1/ HTTP/1.1" 200 406
INFO 2025-07-25 11:15:21,364 basehttp 32628 17880 "GET /api/main-oeuvre/ HTTP/1.1" 200 52
INFO 2025-07-25 11:15:21,378 basehttp 32628 6596 "GET /api/ouvrages/ HTTP/1.1" 200 52
INFO 2025-07-25 11:15:21,391 basehttp 32628 26692 "GET /api/main-oeuvre/ HTTP/1.1" 200 52
INFO 2025-07-25 11:15:21,392 basehttp 32628 31004 "GET /api/ouvrages/ HTTP/1.1" 200 52
INFO 2025-07-25 11:15:21,406 basehttp 32628 30792 "GET /api/fournitures/ HTTP/1.1" 200 454
INFO 2025-07-25 11:15:21,406 basehttp 32628 32256 "GET /api/fournitures/ HTTP/1.1" 200 454
INFO 2025-07-25 11:15:39,656 basehttp 32628 31124 "GET /api/main-oeuvre/ HTTP/1.1" 200 52
INFO 2025-07-25 11:15:39,674 basehttp 32628 15512 "GET /api/fournitures/ HTTP/1.1" 200 454
INFO 2025-07-25 11:15:40,049 basehttp 32628 27752 "GET /api/ouvrages/ HTTP/1.1" 200 52
INFO 2025-07-25 11:15:40,055 basehttp 32628 28676 "GET /api/main-oeuvre/ HTTP/1.1" 200 52
INFO 2025-07-25 11:15:40,068 basehttp 32628 28000 "GET /api/fournitures/ HTTP/1.1" 200 454
INFO 2025-07-25 11:15:40,284 basehttp 32628 25856 "GET /api/ouvrages/ HTTP/1.1" 200 52
INFO 2025-07-25 11:17:34,047 basehttp 32628 15332 "GET /api/main-oeuvre/ HTTP/1.1" 200 52
INFO 2025-07-25 11:17:34,065 basehttp 32628 32804 "GET /api/fournitures/ HTTP/1.1" 200 454
INFO 2025-07-25 11:17:34,433 basehttp 32628 2720 "GET /api/main-oeuvre/ HTTP/1.1" 200 52
INFO 2025-07-25 11:17:34,449 basehttp 32628 6852 "GET /api/fournitures/ HTTP/1.1" 200 454
INFO 2025-07-25 11:17:34,530 basehttp 32628 34248 "GET /api/ouvrages/ HTTP/1.1" 200 52
INFO 2025-07-25 11:17:34,674 basehttp 32628 1600 "GET /api/ouvrages/ HTTP/1.1" 200 52
INFO 2025-07-25 11:36:30,469 basehttp 32628 13820 "GET /api/main-oeuvre/ HTTP/1.1" 200 52
INFO 2025-07-25 11:36:30,573 basehttp 32628 19380 "GET /api/fournitures/ HTTP/1.1" 200 454
INFO 2025-07-25 11:36:30,786 basehttp 32628 33908 "GET /api/main-oeuvre/ HTTP/1.1" 200 52
INFO 2025-07-25 11:36:30,794 basehttp 32628 12904 "GET /api/ouvrages/ HTTP/1.1" 200 52
INFO 2025-07-25 11:36:30,798 basehttp 32628 7944 "GET /api/fournitures/ HTTP/1.1" 200 454
INFO 2025-07-25 11:36:31,053 basehttp 32628 27996 "GET /api/ouvrages/ HTTP/1.1" 200 52
INFO 2025-07-25 12:03:33,716 basehttp 32628 29516 "GET /api/fournitures/1/ HTTP/1.1" 200 406
INFO 2025-07-25 12:03:33,716 basehttp 32628 30500 "GET /api/fournitures/1/ HTTP/1.1" 200 406
INFO 2025-07-25 12:03:45,162 basehttp 32628 17104 "GET /api/fournitures/ HTTP/1.1" 200 454
INFO 2025-07-25 12:03:45,417 basehttp 32628 23156 "GET /api/main-oeuvre/ HTTP/1.1" 200 52
INFO 2025-07-25 12:03:45,426 basehttp 32628 29404 "GET /api/main-oeuvre/ HTTP/1.1" 200 52
INFO 2025-07-25 12:03:45,430 basehttp 32628 24788 "GET /api/ouvrages/ HTTP/1.1" 200 52
INFO 2025-07-25 12:03:45,430 basehttp 32628 5032 "GET /api/ouvrages/ HTTP/1.1" 200 52
INFO 2025-07-25 12:03:45,438 basehttp 32628 16924 "GET /api/fournitures/ HTTP/1.1" 200 454
INFO 2025-07-25 12:04:08,033 basehttp 32628 28572 "GET /api/main-oeuvre/ HTTP/1.1" 200 52
INFO 2025-07-25 12:04:08,033 basehttp 32628 2480 "GET /api/ouvrages/ HTTP/1.1" 200 52
INFO 2025-07-25 12:04:08,047 basehttp 32628 22772 "GET /api/fournitures/ HTTP/1.1" 200 454
INFO 2025-07-25 12:04:08,290 basehttp 32628 31428 "GET /api/main-oeuvre/ HTTP/1.1" 200 52
INFO 2025-07-25 12:04:08,291 basehttp 32628 32404 "GET /api/ouvrages/ HTTP/1.1" 200 52
INFO 2025-07-25 12:04:08,300 basehttp 32628 27676 "GET /api/fournitures/ HTTP/1.1" 200 454
INFO 2025-07-25 12:15:27,320 basehttp 32628 29984 "GET /api/ouvrages/ HTTP/1.1" 200 52
INFO 2025-07-25 12:15:27,332 basehttp 32628 32812 "GET /api/main-oeuvre/ HTTP/1.1" 200 52
INFO 2025-07-25 12:15:27,334 basehttp 32628 29976 "GET /api/ouvrages/ HTTP/1.1" 200 52
INFO 2025-07-25 12:15:27,343 basehttp 32628 27972 "GET /api/fournitures/ HTTP/1.1" 200 454
INFO 2025-07-25 12:15:27,343 basehttp 32628 9144 "GET /api/fournitures/ HTTP/1.1" 200 454
INFO 2025-07-25 12:15:27,413 basehttp 32628 33136 "GET /api/main-oeuvre/ HTTP/1.1" 200 52
INFO 2025-07-25 14:42:51,534 basehttp 32628 34644 "GET /api/main-oeuvre/ HTTP/1.1" 200 52
INFO 2025-07-25 14:42:51,535 basehttp 32628 27964 "GET /api/ouvrages/ HTTP/1.1" 200 52
INFO 2025-07-25 14:42:51,543 basehttp 32628 35440 "GET /api/main-oeuvre/ HTTP/1.1" 200 52
INFO 2025-07-25 14:42:51,545 basehttp 32628 35496 "GET /api/ouvrages/ HTTP/1.1" 200 52
INFO 2025-07-25 14:42:51,556 basehttp 32628 10320 "GET /api/fournitures/ HTTP/1.1" 200 454
INFO 2025-07-25 14:42:51,559 basehttp 32628 35616 "GET /api/fournitures/ HTTP/1.1" 200 454
INFO 2025-07-25 14:42:57,157 basehttp 32628 12356 "GET /api/main-oeuvre/ HTTP/1.1" 200 52
INFO 2025-07-25 14:42:57,171 basehttp 32628 24584 "GET /api/fournitures/ HTTP/1.1" 200 454
INFO 2025-07-25 14:42:57,505 basehttp 32628 32004 "GET /api/main-oeuvre/ HTTP/1.1" 200 52
INFO 2025-07-25 14:42:57,505 basehttp 32628 35640 "GET /api/ouvrages/ HTTP/1.1" 200 52
INFO 2025-07-25 14:42:57,597 basehttp 32628 29940 "GET /api/fournitures/ HTTP/1.1" 200 454
INFO 2025-07-25 14:42:57,738 basehttp 32628 32460 "GET /api/ouvrages/ HTTP/1.1" 200 52
INFO 2025-07-25 14:43:10,845 basehttp 32628 35124 "GET /api/main-oeuvre/ HTTP/1.1" 200 52
INFO 2025-07-25 14:43:10,854 basehttp 32628 29240 "GET /api/fournitures/ HTTP/1.1" 200 454
INFO 2025-07-25 14:43:11,188 basehttp 32628 20580 "GET /api/main-oeuvre/ HTTP/1.1" 200 52
INFO 2025-07-25 14:43:11,294 basehttp 32628 35028 "GET /api/ouvrages/ HTTP/1.1" 200 52
INFO 2025-07-25 14:43:11,308 basehttp 32628 16744 "GET /api/fournitures/ HTTP/1.1" 200 454
INFO 2025-07-25 14:43:11,435 basehttp 32628 20492 "GET /api/ouvrages/ HTTP/1.1" 200 52
INFO 2025-07-25 14:46:16,419 basehttp 32628 35036 "GET /api/main-oeuvre/ HTTP/1.1" 200 52
INFO 2025-07-25 14:46:16,436 basehttp 32628 29528 "GET /api/fournitures/ HTTP/1.1" 200 454
INFO 2025-07-25 14:46:16,517 basehttp 32628 30016 "GET /api/ouvrages/ HTTP/1.1" 200 52
INFO 2025-07-25 14:46:16,675 basehttp 32628 31700 "GET /api/ouvrages/ HTTP/1.1" 200 52
INFO 2025-07-25 14:46:16,681 basehttp 32628 22520 "GET /api/main-oeuvre/ HTTP/1.1" 200 52
INFO 2025-07-25 14:46:16,689 basehttp 32628 7296 "GET /api/fournitures/ HTTP/1.1" 200 454
INFO 2025-07-25 14:46:32,123 basehttp 32628 25168 "GET /api/main-oeuvre/ HTTP/1.1" 200 52
INFO 2025-07-25 14:46:32,145 basehttp 32628 27632 "GET /api/fournitures/ HTTP/1.1" 200 454
INFO 2025-07-25 14:46:32,434 basehttp 32628 35788 "GET /api/ouvrages/ HTTP/1.1" 200 52
INFO 2025-07-25 14:46:32,444 basehttp 32628 1384 "GET /api/fournitures/ HTTP/1.1" 200 454
INFO 2025-07-25 14:46:32,535 basehttp 32628 35484 "GET /api/main-oeuvre/ HTTP/1.1" 200 52
INFO 2025-07-25 14:46:32,685 basehttp 32628 8428 "GET /api/ouvrages/ HTTP/1.1" 200 52
INFO 2025-07-25 14:46:50,840 basehttp 32628 8532 "GET /api/main-oeuvre/ HTTP/1.1" 200 52
INFO 2025-07-25 14:46:50,860 basehttp 32628 1984 "GET /api/fournitures/ HTTP/1.1" 200 454
INFO 2025-07-25 14:46:51,295 basehttp 32628 35152 "GET /api/ouvrages/ HTTP/1.1" 200 52
INFO 2025-07-25 14:46:51,313 basehttp 32628 35136 "GET /api/fournitures/ HTTP/1.1" 200 454
INFO 2025-07-25 14:46:51,390 basehttp 32628 28472 "GET /api/main-oeuvre/ HTTP/1.1" 200 52
INFO 2025-07-25 14:46:51,540 basehttp 32628 3496 "GET /api/ouvrages/ HTTP/1.1" 200 52
INFO 2025-07-25 15:04:32,693 basehttp 32628 28240 "GET /api/ouvrages/ HTTP/1.1" 200 52
INFO 2025-07-25 15:04:32,792 basehttp 32628 26888 "GET /api/fournitures/ HTTP/1.1" 200 454
INFO 2025-07-25 15:04:32,937 basehttp 32628 30796 "GET /api/main-oeuvre/ HTTP/1.1" 200 52
INFO 2025-07-25 15:04:32,975 basehttp 32628 10640 "GET /api/fournitures/ HTTP/1.1" 200 454
INFO 2025-07-25 15:04:33,060 basehttp 32628 34512 "GET /api/main-oeuvre/ HTTP/1.1" 200 52
INFO 2025-07-25 15:04:33,087 basehttp 32628 2524 "GET /api/ouvrages/ HTTP/1.1" 200 52
INFO 2025-07-25 15:07:07,131 mixins 32628 28168 Library - Action: create, User: None, Tenant: ETAO
INFO 2025-07-25 15:07:07,173 basehttp 32628 28168 "POST /api/fournitures/ HTTP/1.1" 201 398
INFO 2025-07-25 15:07:08,171 basehttp 32628 17076 "GET /api/fournitures/2/ HTTP/1.1" 200 402
INFO 2025-07-25 15:07:08,291 basehttp 32628 34212 "GET /api/fournitures/2/ HTTP/1.1" 200 402
INFO 2025-07-25 15:07:15,066 basehttp 32628 23160 "GET /api/main-oeuvre/ HTTP/1.1" 200 52
INFO 2025-07-25 15:07:15,087 basehttp 32628 21928 "GET /api/fournitures/ HTTP/1.1" 200 853
INFO 2025-07-25 15:07:15,354 basehttp 32628 27344 "GET /api/main-oeuvre/ HTTP/1.1" 200 52
INFO 2025-07-25 15:07:15,355 basehttp 32628 25984 "GET /api/ouvrages/ HTTP/1.1" 200 52
INFO 2025-07-25 15:07:15,355 basehttp 32628 34608 "GET /api/ouvrages/ HTTP/1.1" 200 52
INFO 2025-07-25 15:07:15,374 basehttp 32628 33424 "GET /api/fournitures/ HTTP/1.1" 200 853
INFO 2025-07-25 16:28:02,753 basehttp 32628 36444 "GET /health/ HTTP/1.1" 200 88
INFO 2025-07-25 16:51:44,904 basehttp 32628 20076 "GET /api/main-oeuvre/ HTTP/1.1" 200 52
INFO 2025-07-25 16:51:44,904 basehttp 32628 31752 "GET /api/ouvrages/ HTTP/1.1" 200 52
INFO 2025-07-25 16:51:44,904 basehttp 32628 25696 "GET /api/main-oeuvre/ HTTP/1.1" 200 52
INFO 2025-07-25 16:51:44,920 basehttp 32628 36132 "GET /api/ouvrages/ HTTP/1.1" 200 52
INFO 2025-07-25 16:51:44,959 basehttp 32628 33300 "GET /api/fournitures/ HTTP/1.1" 200 853
INFO 2025-07-25 16:51:44,960 basehttp 32628 36100 "GET /api/fournitures/ HTTP/1.1" 200 853
INFO 2025-07-26 10:04:46,237 basehttp 32628 24276 "GET /api/ouvrages/ HTTP/1.1" 200 52
INFO 2025-07-26 10:04:49,526 basehttp 32628 31204 "GET /api/fournitures/ HTTP/1.1" 200 853
INFO 2025-07-26 10:06:51,513 basehttp 32628 26112 "GET /api/ouvrages/ HTTP/1.1" 200 52
INFO 2025-07-26 10:06:57,364 basehttp 32628 12760 "GET /api/fournitures/ HTTP/1.1" 200 853
INFO 2025-07-26 10:07:04,131 basehttp 32628 31220 "GET /api/main-oeuvre/ HTTP/1.1" 200 52
INFO 2025-07-26 10:37:28,846 basehttp 32628 14736 "GET /api/ouvrages/ HTTP/1.1" 200 52
INFO 2025-07-26 10:37:30,740 basehttp 32628 9768 "GET /api/fournitures/ HTTP/1.1" 200 853
INFO 2025-07-26 11:39:09,871 basehttp 32628 37764 "GET /api/ouvrages/ HTTP/1.1" 200 52
INFO 2025-07-26 11:39:11,747 basehttp 32628 25988 "GET /api/fournitures/ HTTP/1.1" 200 853
INFO 2025-07-26 12:47:15,420 autoreload 22056 26056 Watching for file changes with StatReloader
INFO 2025-07-26 17:23:48,489 basehttp 22056 21400 "GET /api/ouvrages/ HTTP/1.1" 200 52
INFO 2025-07-26 17:23:52,233 basehttp 22056 27456 "GET /api/fournitures/ HTTP/1.1" 200 853
INFO 2025-07-28 09:45:12,772 basehttp 22056 35808 "GET /health/ HTTP/1.1" 200 88
INFO 2025-07-28 10:48:17,938 middleware 22056 19612 Library - Création contrôlée du tenant: 8dd6f442-cd07-4993-8930-10abb2b23e7d
INFO 2025-07-28 10:48:19,055 middleware 22056 19612 Library - Tenant créé: KEWA (schema: tenant_kewa)
INFO 2025-07-28 10:48:19,082 basehttp 22056 19612 "GET /api/ouvrages/ HTTP/1.1" 200 52
INFO 2025-07-28 10:48:19,788 basehttp 22056 36632 "GET /api/fournitures/ HTTP/1.1" 200 52
INFO 2025-07-28 10:48:22,444 basehttp 22056 22264 "GET /api/ouvrages/ HTTP/1.1" 200 52
INFO 2025-07-28 10:48:24,032 basehttp 22056 25392 "GET /api/fournitures/ HTTP/1.1" 200 52
INFO 2025-07-28 10:48:25,367 basehttp 22056 12548 "GET /api/main-oeuvre/ HTTP/1.1" 200 52
INFO 2025-07-28 11:27:40,857 basehttp 22056 2628 "GET /api/fournitures/ HTTP/1.1" 200 52
INFO 2025-07-28 11:27:40,898 basehttp 22056 26448 "GET /api/ouvrages/ HTTP/1.1" 200 52
INFO 2025-07-28 11:27:40,898 basehttp 22056 1468 "GET /api/ouvrages/ HTTP/1.1" 200 52
INFO 2025-07-28 11:27:40,909 basehttp 22056 37264 "GET /api/main-oeuvre/ HTTP/1.1" 200 52
INFO 2025-07-28 11:27:40,909 basehttp 22056 31616 "GET /api/main-oeuvre/ HTTP/1.1" 200 52
INFO 2025-07-28 11:27:40,910 basehttp 22056 18180 "GET /api/fournitures/ HTTP/1.1" 200 52
INFO 2025-07-29 09:39:29,054 basehttp 22056 28684 "GET /api/ouvrages/ HTTP/1.1" 200 52
INFO 2025-07-29 09:39:31,998 basehttp 22056 2708 "GET /api/fournitures/ HTTP/1.1" 200 52
INFO 2025-07-29 09:39:34,454 basehttp 22056 33356 "GET /api/main-oeuvre/ HTTP/1.1" 200 52
INFO 2025-07-29 09:39:36,253 basehttp 22056 29200 "GET /api/ouvrages/ HTTP/1.1" 200 52
INFO 2025-07-29 09:40:09,102 basehttp 22056 35876 "GET /api/ouvrages/ HTTP/1.1" 200 52
WARNING 2025-07-29 11:17:23,986 log 22056 28000 Bad Request: /api/fournitures/
WARNING 2025-07-29 11:17:23,988 basehttp 22056 28000 "GET /api/fournitures/ HTTP/1.1" 400 98
WARNING 2025-07-29 11:17:24,229 log 22056 40860 Bad Request: /api/main-oeuvre/
WARNING 2025-07-29 11:17:24,230 log 22056 23428 Bad Request: /api/ouvrages/
WARNING 2025-07-29 11:17:24,231 basehttp 22056 40860 "GET /api/main-oeuvre/ HTTP/1.1" 400 98
WARNING 2025-07-29 11:17:24,231 basehttp 22056 23428 "GET /api/ouvrages/ HTTP/1.1" 400 98
WARNING 2025-07-29 11:17:24,698 log 22056 29804 Bad Request: /api/fournitures/
WARNING 2025-07-29 11:17:24,698 basehttp 22056 29804 "GET /api/fournitures/ HTTP/1.1" 400 98
WARNING 2025-07-29 11:17:24,982 log 22056 6928 Bad Request: /api/ouvrages/
WARNING 2025-07-29 11:17:24,983 log 22056 14580 Bad Request: /api/main-oeuvre/
WARNING 2025-07-29 11:17:24,983 basehttp 22056 6928 "GET /api/ouvrages/ HTTP/1.1" 400 98
WARNING 2025-07-29 11:17:24,983 basehttp 22056 14580 "GET /api/main-oeuvre/ HTTP/1.1" 400 98
WARNING 2025-07-29 12:11:51,029 log 22056 29600 Bad Request: /api/fournitures/
WARNING 2025-07-29 12:11:51,032 log 22056 39288 Bad Request: /api/main-oeuvre/
WARNING 2025-07-29 12:11:51,033 basehttp 22056 29600 "GET /api/fournitures/ HTTP/1.1" 400 98
WARNING 2025-07-29 12:11:51,037 log 22056 11664 Bad Request: /api/ouvrages/
WARNING 2025-07-29 12:11:51,037 basehttp 22056 39288 "GET /api/main-oeuvre/ HTTP/1.1" 400 98
WARNING 2025-07-29 12:11:51,038 basehttp 22056 11664 "GET /api/ouvrages/ HTTP/1.1" 400 98
WARNING 2025-07-29 12:11:51,812 log 22056 14320 Bad Request: /api/fournitures/
WARNING 2025-07-29 12:11:51,813 log 22056 29172 Bad Request: /api/main-oeuvre/
WARNING 2025-07-29 12:11:51,813 basehttp 22056 14320 "GET /api/fournitures/ HTTP/1.1" 400 98
WARNING 2025-07-29 12:11:51,813 basehttp 22056 29172 "GET /api/main-oeuvre/ HTTP/1.1" 400 98
WARNING 2025-07-29 12:11:52,018 log 22056 40144 Bad Request: /api/ouvrages/
WARNING 2025-07-29 12:11:52,024 basehttp 22056 40144 "GET /api/ouvrages/ HTTP/1.1" 400 98
WARNING 2025-07-29 12:21:00,367 log 22056 40040 Bad Request: /api/main-oeuvre/
WARNING 2025-07-29 12:21:00,368 log 22056 39436 Bad Request: /api/fournitures/
WARNING 2025-07-29 12:21:00,368 basehttp 22056 39436 "GET /api/fournitures/ HTTP/1.1" 400 98
WARNING 2025-07-29 12:21:00,368 basehttp 22056 40040 "GET /api/main-oeuvre/ HTTP/1.1" 400 98
WARNING 2025-07-29 12:21:00,596 log 22056 36276 Bad Request: /api/ouvrages/
WARNING 2025-07-29 12:21:00,628 log 22056 31720 Bad Request: /api/main-oeuvre/
WARNING 2025-07-29 12:21:00,629 log 22056 40108 Bad Request: /api/fournitures/
WARNING 2025-07-29 12:21:00,630 basehttp 22056 36276 "GET /api/ouvrages/ HTTP/1.1" 400 98
WARNING 2025-07-29 12:21:00,630 basehttp 22056 40108 "GET /api/fournitures/ HTTP/1.1" 400 98
WARNING 2025-07-29 12:21:00,630 basehttp 22056 31720 "GET /api/main-oeuvre/ HTTP/1.1" 400 98
WARNING 2025-07-29 12:21:01,142 log 22056 20072 Bad Request: /api/ouvrages/
WARNING 2025-07-29 12:21:01,143 basehttp 22056 20072 "GET /api/ouvrages/ HTTP/1.1" 400 98
WARNING 2025-07-29 12:21:25,222 log 22056 14320 Bad Request: /api/fournitures/
WARNING 2025-07-29 12:21:25,222 log 22056 22876 Bad Request: /api/main-oeuvre/
WARNING 2025-07-29 12:21:25,223 basehttp 22056 14320 "GET /api/fournitures/ HTTP/1.1" 400 98
WARNING 2025-07-29 12:21:25,223 basehttp 22056 22876 "GET /api/main-oeuvre/ HTTP/1.1" 400 98
WARNING 2025-07-29 12:21:25,476 log 22056 23860 Bad Request: /api/ouvrages/
WARNING 2025-07-29 12:21:25,477 log 22056 25404 Bad Request: /api/main-oeuvre/
WARNING 2025-07-29 12:21:25,516 log 22056 39416 Bad Request: /api/fournitures/
WARNING 2025-07-29 12:21:25,517 basehttp 22056 23860 "GET /api/ouvrages/ HTTP/1.1" 400 98
WARNING 2025-07-29 12:21:25,517 basehttp 22056 25404 "GET /api/main-oeuvre/ HTTP/1.1" 400 98
WARNING 2025-07-29 12:21:25,517 basehttp 22056 39416 "GET /api/fournitures/ HTTP/1.1" 400 98
WARNING 2025-07-29 12:21:25,704 log 22056 28708 Bad Request: /api/ouvrages/
WARNING 2025-07-29 12:21:25,705 basehttp 22056 28708 "GET /api/ouvrages/ HTTP/1.1" 400 98
WARNING 2025-07-29 12:25:18,733 log 22056 38696 Bad Request: /api/fournitures/
WARNING 2025-07-29 12:25:18,734 log 22056 11220 Bad Request: /api/main-oeuvre/
WARNING 2025-07-29 12:25:18,734 basehttp 22056 38696 "GET /api/fournitures/ HTTP/1.1" 400 98
WARNING 2025-07-29 12:25:18,735 basehttp 22056 11220 "GET /api/main-oeuvre/ HTTP/1.1" 400 98
WARNING 2025-07-29 12:25:19,040 log 22056 15200 Bad Request: /api/ouvrages/
WARNING 2025-07-29 12:25:19,041 log 22056 35368 Bad Request: /api/main-oeuvre/
WARNING 2025-07-29 12:25:19,042 log 22056 29140 Bad Request: /api/fournitures/
WARNING 2025-07-29 12:25:19,043 basehttp 22056 15200 "GET /api/ouvrages/ HTTP/1.1" 400 98
WARNING 2025-07-29 12:25:19,047 log 22056 2632 Bad Request: /api/ouvrages/
WARNING 2025-07-29 12:25:19,047 basehttp 22056 35368 "GET /api/main-oeuvre/ HTTP/1.1" 400 98
WARNING 2025-07-29 12:25:19,047 basehttp 22056 29140 "GET /api/fournitures/ HTTP/1.1" 400 98
WARNING 2025-07-29 12:25:19,048 basehttp 22056 2632 "GET /api/ouvrages/ HTTP/1.1" 400 98
WARNING 2025-07-29 12:25:43,150 log 22056 11608 Bad Request: /api/fournitures/
WARNING 2025-07-29 12:25:43,151 log 22056 35788 Bad Request: /api/main-oeuvre/
WARNING 2025-07-29 12:25:43,151 basehttp 22056 11608 "GET /api/fournitures/ HTTP/1.1" 400 98
WARNING 2025-07-29 12:25:43,151 basehttp 22056 35788 "GET /api/main-oeuvre/ HTTP/1.1" 400 98
WARNING 2025-07-29 12:25:43,363 log 22056 24628 Bad Request: /api/fournitures/
WARNING 2025-07-29 12:25:43,364 log 22056 41404 Bad Request: /api/main-oeuvre/
WARNING 2025-07-29 12:25:43,364 log 22056 31504 Bad Request: /api/ouvrages/
WARNING 2025-07-29 12:25:43,365 basehttp 22056 24628 "GET /api/fournitures/ HTTP/1.1" 400 98
WARNING 2025-07-29 12:25:43,365 basehttp 22056 41404 "GET /api/main-oeuvre/ HTTP/1.1" 400 98
WARNING 2025-07-29 12:25:43,366 basehttp 22056 31504 "GET /api/ouvrages/ HTTP/1.1" 400 98
WARNING 2025-07-29 12:25:43,620 log 22056 33784 Bad Request: /api/ouvrages/
WARNING 2025-07-29 12:25:43,620 basehttp 22056 33784 "GET /api/ouvrages/ HTTP/1.1" 400 98
WARNING 2025-07-29 12:26:31,190 log 22056 22440 Bad Request: /api/main-oeuvre/
WARNING 2025-07-29 12:26:31,191 log 22056 35324 Bad Request: /api/fournitures/
WARNING 2025-07-29 12:26:31,191 basehttp 22056 22440 "GET /api/main-oeuvre/ HTTP/1.1" 400 98
WARNING 2025-07-29 12:26:31,192 basehttp 22056 35324 "GET /api/fournitures/ HTTP/1.1" 400 98
WARNING 2025-07-29 12:26:31,456 log 22056 12952 Bad Request: /api/fournitures/
WARNING 2025-07-29 12:26:31,457 log 22056 34884 Bad Request: /api/main-oeuvre/
WARNING 2025-07-29 12:26:31,493 log 22056 41788 Bad Request: /api/ouvrages/
WARNING 2025-07-29 12:26:31,493 basehttp 22056 12952 "GET /api/fournitures/ HTTP/1.1" 400 98
WARNING 2025-07-29 12:26:31,493 basehttp 22056 34884 "GET /api/main-oeuvre/ HTTP/1.1" 400 98
WARNING 2025-07-29 12:26:31,494 basehttp 22056 41788 "GET /api/ouvrages/ HTTP/1.1" 400 98
WARNING 2025-07-29 12:26:31,686 log 22056 39756 Bad Request: /api/ouvrages/
WARNING 2025-07-29 12:26:31,687 basehttp 22056 39756 "GET /api/ouvrages/ HTTP/1.1" 400 98
WARNING 2025-07-29 12:28:32,289 log 22056 40080 Bad Request: /api/fournitures/
WARNING 2025-07-29 12:28:32,290 log 22056 24864 Bad Request: /api/main-oeuvre/
WARNING 2025-07-29 12:28:32,290 basehttp 22056 40080 "GET /api/fournitures/ HTTP/1.1" 400 98
WARNING 2025-07-29 12:28:32,290 basehttp 22056 24864 "GET /api/main-oeuvre/ HTTP/1.1" 400 98
WARNING 2025-07-29 12:28:32,554 log 22056 11416 Bad Request: /api/main-oeuvre/
WARNING 2025-07-29 12:28:32,554 log 22056 38676 Bad Request: /api/ouvrages/
WARNING 2025-07-29 12:28:32,555 log 22056 12748 Bad Request: /api/fournitures/
WARNING 2025-07-29 12:28:32,555 basehttp 22056 11416 "GET /api/main-oeuvre/ HTTP/1.1" 400 98
WARNING 2025-07-29 12:28:32,556 basehttp 22056 38676 "GET /api/ouvrages/ HTTP/1.1" 400 98
WARNING 2025-07-29 12:28:32,556 basehttp 22056 12748 "GET /api/fournitures/ HTTP/1.1" 400 98
WARNING 2025-07-29 12:28:32,796 log 22056 28284 Bad Request: /api/ouvrages/
WARNING 2025-07-29 12:28:32,796 basehttp 22056 28284 "GET /api/ouvrages/ HTTP/1.1" 400 98
WARNING 2025-07-29 12:29:18,975 log 22056 39628 Bad Request: /api/fournitures/
WARNING 2025-07-29 12:29:18,975 log 22056 24580 Bad Request: /api/main-oeuvre/
WARNING 2025-07-29 12:29:18,976 basehttp 22056 24580 "GET /api/main-oeuvre/ HTTP/1.1" 400 98
WARNING 2025-07-29 12:29:18,976 basehttp 22056 39628 "GET /api/fournitures/ HTTP/1.1" 400 98
WARNING 2025-07-29 12:29:19,231 log 22056 15044 Bad Request: /api/fournitures/
WARNING 2025-07-29 12:29:19,231 log 22056 40044 Bad Request: /api/ouvrages/
WARNING 2025-07-29 12:29:19,231 log 22056 33236 Bad Request: /api/main-oeuvre/
WARNING 2025-07-29 12:29:19,232 log 22056 18972 Bad Request: /api/ouvrages/
WARNING 2025-07-29 12:29:19,233 basehttp 22056 15044 "GET /api/fournitures/ HTTP/1.1" 400 98
WARNING 2025-07-29 12:29:19,233 basehttp 22056 40044 "GET /api/ouvrages/ HTTP/1.1" 400 98
WARNING 2025-07-29 12:29:19,234 basehttp 22056 33236 "GET /api/main-oeuvre/ HTTP/1.1" 400 98
WARNING 2025-07-29 12:29:19,234 basehttp 22056 18972 "GET /api/ouvrages/ HTTP/1.1" 400 98
WARNING 2025-07-29 12:32:57,538 log 22056 41716 Bad Request: /api/main-oeuvre/
WARNING 2025-07-29 12:32:57,539 log 22056 39380 Bad Request: /api/fournitures/
WARNING 2025-07-29 12:32:57,539 basehttp 22056 41716 "GET /api/main-oeuvre/ HTTP/1.1" 400 98
WARNING 2025-07-29 12:32:57,539 basehttp 22056 39380 "GET /api/fournitures/ HTTP/1.1" 400 98
WARNING 2025-07-29 12:32:57,808 log 22056 14584 Bad Request: /api/main-oeuvre/
WARNING 2025-07-29 12:32:57,809 log 22056 37980 Bad Request: /api/fournitures/
WARNING 2025-07-29 12:32:57,810 log 22056 21708 Bad Request: /api/ouvrages/
WARNING 2025-07-29 12:32:57,810 basehttp 22056 14584 "GET /api/main-oeuvre/ HTTP/1.1" 400 98
WARNING 2025-07-29 12:32:57,811 basehttp 22056 37980 "GET /api/fournitures/ HTTP/1.1" 400 98
WARNING 2025-07-29 12:32:57,811 basehttp 22056 21708 "GET /api/ouvrages/ HTTP/1.1" 400 98
WARNING 2025-07-29 12:32:58,061 log 22056 3992 Bad Request: /api/ouvrages/
WARNING 2025-07-29 12:32:58,061 basehttp 22056 3992 "GET /api/ouvrages/ HTTP/1.1" 400 98
WARNING 2025-07-29 12:34:20,910 log 22056 36836 Bad Request: /api/fournitures/
WARNING 2025-07-29 12:34:20,911 log 22056 16968 Bad Request: /api/main-oeuvre/
WARNING 2025-07-29 12:34:20,911 basehttp 22056 36836 "GET /api/fournitures/ HTTP/1.1" 400 98
WARNING 2025-07-29 12:34:20,912 basehttp 22056 16968 "GET /api/main-oeuvre/ HTTP/1.1" 400 98
WARNING 2025-07-29 12:34:21,176 log 22056 30244 Bad Request: /api/ouvrages/
WARNING 2025-07-29 12:34:21,176 log 22056 11844 Bad Request: /api/fournitures/
WARNING 2025-07-29 12:34:21,177 log 22056 14924 Bad Request: /api/main-oeuvre/
WARNING 2025-07-29 12:34:21,177 basehttp 22056 30244 "GET /api/ouvrages/ HTTP/1.1" 400 98
WARNING 2025-07-29 12:34:21,178 basehttp 22056 11844 "GET /api/fournitures/ HTTP/1.1" 400 98
WARNING 2025-07-29 12:34:21,178 basehttp 22056 14924 "GET /api/main-oeuvre/ HTTP/1.1" 400 98
WARNING 2025-07-29 12:34:21,406 log 22056 8448 Bad Request: /api/ouvrages/
WARNING 2025-07-29 12:34:21,407 basehttp 22056 8448 "GET /api/ouvrages/ HTTP/1.1" 400 98
WARNING 2025-07-29 12:41:03,785 log 22056 36656 Bad Request: /api/fournitures/
WARNING 2025-07-29 12:41:03,786 log 22056 37612 Bad Request: /api/main-oeuvre/
WARNING 2025-07-29 12:41:03,786 basehttp 22056 36656 "GET /api/fournitures/ HTTP/1.1" 400 98
WARNING 2025-07-29 12:41:03,786 basehttp 22056 37612 "GET /api/main-oeuvre/ HTTP/1.1" 400 98
WARNING 2025-07-29 12:41:04,084 log 22056 14628 Bad Request: /api/fournitures/
WARNING 2025-07-29 12:41:04,085 log 22056 37636 Bad Request: /api/ouvrages/
WARNING 2025-07-29 12:41:04,086 log 22056 14380 Bad Request: /api/ouvrages/
WARNING 2025-07-29 12:41:04,086 log 22056 40608 Bad Request: /api/main-oeuvre/
WARNING 2025-07-29 12:41:04,087 basehttp 22056 14628 "GET /api/fournitures/ HTTP/1.1" 400 98
WARNING 2025-07-29 12:41:04,087 basehttp 22056 37636 "GET /api/ouvrages/ HTTP/1.1" 400 98
WARNING 2025-07-29 12:41:04,087 basehttp 22056 14380 "GET /api/ouvrages/ HTTP/1.1" 400 98
WARNING 2025-07-29 12:41:04,087 basehttp 22056 40608 "GET /api/main-oeuvre/ HTTP/1.1" 400 98
WARNING 2025-07-29 12:41:16,820 log 22056 26080 Bad Request: /api/fournitures/
WARNING 2025-07-29 12:41:16,821 log 22056 40196 Bad Request: /api/ouvrages/
WARNING 2025-07-29 12:41:16,822 log 22056 34740 Bad Request: /api/main-oeuvre/
WARNING 2025-07-29 12:41:16,822 basehttp 22056 40196 "GET /api/ouvrages/ HTTP/1.1" 400 98
WARNING 2025-07-29 12:41:16,822 basehttp 22056 26080 "GET /api/fournitures/ HTTP/1.1" 400 98
WARNING 2025-07-29 12:41:16,823 basehttp 22056 34740 "GET /api/main-oeuvre/ HTTP/1.1" 400 98
WARNING 2025-07-29 12:41:17,080 log 22056 16396 Bad Request: /api/main-oeuvre/
WARNING 2025-07-29 12:41:17,081 log 22056 37168 Bad Request: /api/fournitures/
WARNING 2025-07-29 12:41:17,081 log 22056 31204 Bad Request: /api/ouvrages/
WARNING 2025-07-29 12:41:17,082 basehttp 22056 37168 "GET /api/fournitures/ HTTP/1.1" 400 98
WARNING 2025-07-29 12:41:17,082 basehttp 22056 16396 "GET /api/main-oeuvre/ HTTP/1.1" 400 98
WARNING 2025-07-29 12:41:17,082 basehttp 22056 31204 "GET /api/ouvrages/ HTTP/1.1" 400 98
WARNING 2025-07-29 12:41:38,261 log 22056 27876 Bad Request: /api/fournitures/
WARNING 2025-07-29 12:41:38,261 log 22056 7640 Bad Request: /api/main-oeuvre/
WARNING 2025-07-29 12:41:38,262 basehttp 22056 27876 "GET /api/fournitures/ HTTP/1.1" 400 98
WARNING 2025-07-29 12:41:38,262 basehttp 22056 7640 "GET /api/main-oeuvre/ HTTP/1.1" 400 98
WARNING 2025-07-29 12:41:38,526 log 22056 12080 Bad Request: /api/fournitures/
WARNING 2025-07-29 12:41:38,526 log 22056 32004 Bad Request: /api/ouvrages/
WARNING 2025-07-29 12:41:38,527 log 22056 9984 Bad Request: /api/main-oeuvre/
WARNING 2025-07-29 12:41:38,527 basehttp 22056 12080 "GET /api/fournitures/ HTTP/1.1" 400 98
WARNING 2025-07-29 12:41:38,528 basehttp 22056 32004 "GET /api/ouvrages/ HTTP/1.1" 400 98
WARNING 2025-07-29 12:41:38,528 basehttp 22056 9984 "GET /api/main-oeuvre/ HTTP/1.1" 400 98
WARNING 2025-07-29 12:41:38,782 log 22056 6596 Bad Request: /api/ouvrages/
WARNING 2025-07-29 12:41:38,783 basehttp 22056 6596 "GET /api/ouvrages/ HTTP/1.1" 400 98
WARNING 2025-07-29 12:42:09,554 log 22056 28052 Bad Request: /api/main-oeuvre/
WARNING 2025-07-29 12:42:09,555 log 22056 24628 Bad Request: /api/fournitures/
WARNING 2025-07-29 12:42:09,555 basehttp 22056 28052 "GET /api/main-oeuvre/ HTTP/1.1" 400 98
WARNING 2025-07-29 12:42:09,555 basehttp 22056 24628 "GET /api/fournitures/ HTTP/1.1" 400 98
WARNING 2025-07-29 12:42:09,817 log 22056 17100 Bad Request: /api/fournitures/
WARNING 2025-07-29 12:42:09,864 log 22056 24420 Bad Request: /api/main-oeuvre/
WARNING 2025-07-29 12:42:09,865 log 22056 22312 Bad Request: /api/ouvrages/
WARNING 2025-07-29 12:42:09,866 log 22056 6568 Bad Request: /api/ouvrages/
WARNING 2025-07-29 12:42:09,866 basehttp 22056 24420 "GET /api/main-oeuvre/ HTTP/1.1" 400 98
WARNING 2025-07-29 12:42:09,866 basehttp 22056 17100 "GET /api/fournitures/ HTTP/1.1" 400 98
WARNING 2025-07-29 12:42:09,867 basehttp 22056 22312 "GET /api/ouvrages/ HTTP/1.1" 400 98
WARNING 2025-07-29 12:42:09,867 basehttp 22056 6568 "GET /api/ouvrages/ HTTP/1.1" 400 98
WARNING 2025-07-29 12:42:38,957 log 22056 41832 Bad Request: /api/fournitures/
WARNING 2025-07-29 12:42:38,958 log 22056 23708 Bad Request: /api/main-oeuvre/
WARNING 2025-07-29 12:42:38,959 basehttp 22056 41832 "GET /api/fournitures/ HTTP/1.1" 400 98
WARNING 2025-07-29 12:42:38,959 basehttp 22056 23708 "GET /api/main-oeuvre/ HTTP/1.1" 400 98
WARNING 2025-07-29 12:42:39,239 log 22056 5560 Bad Request: /api/fournitures/
WARNING 2025-07-29 12:42:39,239 log 22056 40476 Bad Request: /api/main-oeuvre/
WARNING 2025-07-29 12:42:39,241 log 22056 35720 Bad Request: /api/ouvrages/
WARNING 2025-07-29 12:42:39,241 basehttp 22056 5560 "GET /api/fournitures/ HTTP/1.1" 400 98
WARNING 2025-07-29 12:42:39,241 basehttp 22056 40476 "GET /api/main-oeuvre/ HTTP/1.1" 400 98
WARNING 2025-07-29 12:42:39,242 basehttp 22056 35720 "GET /api/ouvrages/ HTTP/1.1" 400 98
WARNING 2025-07-29 12:42:39,497 log 22056 17684 Bad Request: /api/ouvrages/
WARNING 2025-07-29 12:42:39,498 basehttp 22056 17684 "GET /api/ouvrages/ HTTP/1.1" 400 98
WARNING 2025-07-29 12:42:51,479 log 22056 35724 Bad Request: /api/main-oeuvre/
WARNING 2025-07-29 12:42:51,480 log 22056 15000 Bad Request: /api/fournitures/
WARNING 2025-07-29 12:42:51,480 basehttp 22056 35724 "GET /api/main-oeuvre/ HTTP/1.1" 400 98
WARNING 2025-07-29 12:42:51,480 basehttp 22056 15000 "GET /api/fournitures/ HTTP/1.1" 400 98
WARNING 2025-07-29 12:42:51,741 log 22056 23984 Bad Request: /api/fournitures/
WARNING 2025-07-29 12:42:51,741 log 22056 41664 Bad Request: /api/main-oeuvre/
WARNING 2025-07-29 12:42:51,742 log 22056 14000 Bad Request: /api/ouvrages/
WARNING 2025-07-29 12:42:51,742 basehttp 22056 23984 "GET /api/fournitures/ HTTP/1.1" 400 98
WARNING 2025-07-29 12:42:51,742 basehttp 22056 41664 "GET /api/main-oeuvre/ HTTP/1.1" 400 98
WARNING 2025-07-29 12:42:51,743 basehttp 22056 14000 "GET /api/ouvrages/ HTTP/1.1" 400 98
WARNING 2025-07-29 12:42:51,957 log 22056 35292 Bad Request: /api/ouvrages/
WARNING 2025-07-29 12:42:51,958 basehttp 22056 35292 "GET /api/ouvrages/ HTTP/1.1" 400 98
WARNING 2025-07-29 12:43:08,583 log 22056 31812 Bad Request: /api/main-oeuvre/
WARNING 2025-07-29 12:43:08,584 log 22056 35252 Bad Request: /api/fournitures/
WARNING 2025-07-29 12:43:08,584 basehttp 22056 31812 "GET /api/main-oeuvre/ HTTP/1.1" 400 98
WARNING 2025-07-29 12:43:08,585 basehttp 22056 35252 "GET /api/fournitures/ HTTP/1.1" 400 98
WARNING 2025-07-29 12:43:08,849 log 22056 40948 Bad Request: /api/main-oeuvre/
WARNING 2025-07-29 12:43:08,850 log 22056 26496 Bad Request: /api/ouvrages/
WARNING 2025-07-29 12:43:08,850 log 22056 9316 Bad Request: /api/fournitures/
WARNING 2025-07-29 12:43:08,851 log 22056 36564 Bad Request: /api/ouvrages/
WARNING 2025-07-29 12:43:08,880 basehttp 22056 40948 "GET /api/main-oeuvre/ HTTP/1.1" 400 98
WARNING 2025-07-29 12:43:08,880 basehttp 22056 26496 "GET /api/ouvrages/ HTTP/1.1" 400 98
WARNING 2025-07-29 12:43:08,880 basehttp 22056 9316 "GET /api/fournitures/ HTTP/1.1" 400 98
WARNING 2025-07-29 12:43:08,880 basehttp 22056 36564 "GET /api/ouvrages/ HTTP/1.1" 400 98
WARNING 2025-07-29 12:43:39,507 log 22056 17524 Bad Request: /api/fournitures/
WARNING 2025-07-29 12:43:39,507 log 22056 13008 Bad Request: /api/main-oeuvre/
WARNING 2025-07-29 12:43:39,508 basehttp 22056 17524 "GET /api/fournitures/ HTTP/1.1" 400 98
WARNING 2025-07-29 12:43:39,508 basehttp 22056 13008 "GET /api/main-oeuvre/ HTTP/1.1" 400 98
WARNING 2025-07-29 12:43:39,769 log 22056 13792 Bad Request: /api/ouvrages/
WARNING 2025-07-29 12:43:39,770 log 22056 13932 Bad Request: /api/fournitures/
WARNING 2025-07-29 12:43:39,771 log 22056 20152 Bad Request: /api/main-oeuvre/
WARNING 2025-07-29 12:43:39,771 log 22056 39904 Bad Request: /api/ouvrages/
WARNING 2025-07-29 12:43:39,772 basehttp 22056 13792 "GET /api/ouvrages/ HTTP/1.1" 400 98
WARNING 2025-07-29 12:43:39,772 basehttp 22056 13932 "GET /api/fournitures/ HTTP/1.1" 400 98
WARNING 2025-07-29 12:43:39,772 basehttp 22056 20152 "GET /api/main-oeuvre/ HTTP/1.1" 400 98
WARNING 2025-07-29 12:43:39,773 basehttp 22056 39904 "GET /api/ouvrages/ HTTP/1.1" 400 98
WARNING 2025-07-29 12:45:28,233 log 22056 37556 Bad Request: /api/main-oeuvre/
WARNING 2025-07-29 12:45:28,233 log 22056 14800 Bad Request: /api/fournitures/
WARNING 2025-07-29 12:45:28,234 basehttp 22056 37556 "GET /api/main-oeuvre/ HTTP/1.1" 400 98
WARNING 2025-07-29 12:45:28,234 basehttp 22056 14800 "GET /api/fournitures/ HTTP/1.1" 400 98
WARNING 2025-07-29 12:45:28,494 log 22056 20076 Bad Request: /api/fournitures/
WARNING 2025-07-29 12:45:28,495 log 22056 29392 Bad Request: /api/ouvrages/
WARNING 2025-07-29 12:45:28,495 log 22056 6516 Bad Request: /api/main-oeuvre/
WARNING 2025-07-29 12:45:28,496 basehttp 22056 29392 "GET /api/ouvrages/ HTTP/1.1" 400 98
WARNING 2025-07-29 12:45:28,496 basehttp 22056 20076 "GET /api/fournitures/ HTTP/1.1" 400 98
WARNING 2025-07-29 12:45:28,496 basehttp 22056 6516 "GET /api/main-oeuvre/ HTTP/1.1" 400 98
WARNING 2025-07-29 12:45:28,712 log 22056 39708 Bad Request: /api/ouvrages/
WARNING 2025-07-29 12:45:28,713 basehttp 22056 39708 "GET /api/ouvrages/ HTTP/1.1" 400 98
WARNING 2025-07-29 12:47:28,704 log 22056 41452 Bad Request: /api/fournitures/
WARNING 2025-07-29 12:47:28,705 log 22056 41760 Bad Request: /api/ouvrages/
WARNING 2025-07-29 12:47:28,706 log 22056 23484 Bad Request: /api/main-oeuvre/
WARNING 2025-07-29 12:47:28,706 basehttp 22056 41760 "GET /api/ouvrages/ HTTP/1.1" 400 98
WARNING 2025-07-29 12:47:28,706 basehttp 22056 41452 "GET /api/fournitures/ HTTP/1.1" 400 98
WARNING 2025-07-29 12:47:28,707 basehttp 22056 23484 "GET /api/main-oeuvre/ HTTP/1.1" 400 98
WARNING 2025-07-29 12:47:28,966 log 22056 13248 Bad Request: /api/fournitures/
WARNING 2025-07-29 12:47:28,967 log 22056 34552 Bad Request: /api/main-oeuvre/
WARNING 2025-07-29 12:47:28,968 log 22056 38560 Bad Request: /api/ouvrages/
WARNING 2025-07-29 12:47:28,968 basehttp 22056 13248 "GET /api/fournitures/ HTTP/1.1" 400 98
WARNING 2025-07-29 12:47:28,968 basehttp 22056 34552 "GET /api/main-oeuvre/ HTTP/1.1" 400 98
WARNING 2025-07-29 12:47:28,968 basehttp 22056 38560 "GET /api/ouvrages/ HTTP/1.1" 400 98
WARNING 2025-07-29 12:48:04,262 log 22056 39240 Bad Request: /api/main-oeuvre/
WARNING 2025-07-29 12:48:04,262 log 22056 11984 Bad Request: /api/fournitures/
WARNING 2025-07-29 12:48:04,263 basehttp 22056 39240 "GET /api/main-oeuvre/ HTTP/1.1" 400 98
WARNING 2025-07-29 12:48:04,263 basehttp 22056 11984 "GET /api/fournitures/ HTTP/1.1" 400 98
WARNING 2025-07-29 12:48:04,523 log 22056 19652 Bad Request: /api/main-oeuvre/
WARNING 2025-07-29 12:48:04,524 log 22056 13880 Bad Request: /api/fournitures/
WARNING 2025-07-29 12:48:04,524 log 22056 23684 Bad Request: /api/ouvrages/
WARNING 2025-07-29 12:48:04,525 basehttp 22056 19652 "GET /api/main-oeuvre/ HTTP/1.1" 400 98
WARNING 2025-07-29 12:48:04,525 basehttp 22056 13880 "GET /api/fournitures/ HTTP/1.1" 400 98
WARNING 2025-07-29 12:48:04,525 basehttp 22056 23684 "GET /api/ouvrages/ HTTP/1.1" 400 98
WARNING 2025-07-29 12:48:04,753 log 22056 25104 Bad Request: /api/ouvrages/
WARNING 2025-07-29 12:48:04,754 basehttp 22056 25104 "GET /api/ouvrages/ HTTP/1.1" 400 98
WARNING 2025-07-29 12:48:21,831 log 22056 31724 Bad Request: /api/ouvrages/
WARNING 2025-07-29 12:48:21,863 log 22056 11912 Bad Request: /api/fournitures/
WARNING 2025-07-29 12:48:21,863 log 22056 38976 Bad Request: /api/main-oeuvre/
WARNING 2025-07-29 12:48:21,863 basehttp 22056 31724 "GET /api/ouvrages/ HTTP/1.1" 400 98
WARNING 2025-07-29 12:48:21,863 basehttp 22056 11912 "GET /api/fournitures/ HTTP/1.1" 400 98
WARNING 2025-07-29 12:48:21,864 basehttp 22056 38976 "GET /api/main-oeuvre/ HTTP/1.1" 400 98
WARNING 2025-07-29 12:48:22,091 log 22056 26460 Bad Request: /api/fournitures/
WARNING 2025-07-29 12:48:22,091 log 22056 24284 Bad Request: /api/ouvrages/
WARNING 2025-07-29 12:48:22,091 log 22056 40328 Bad Request: /api/main-oeuvre/
WARNING 2025-07-29 12:48:22,092 basehttp 22056 26460 "GET /api/fournitures/ HTTP/1.1" 400 98
WARNING 2025-07-29 12:48:22,092 basehttp 22056 24284 "GET /api/ouvrages/ HTTP/1.1" 400 98
WARNING 2025-07-29 12:48:22,092 basehttp 22056 40328 "GET /api/main-oeuvre/ HTTP/1.1" 400 98
WARNING 2025-07-29 12:48:41,650 log 22056 26012 Bad Request: /api/fournitures/
WARNING 2025-07-29 12:48:41,651 log 22056 31460 Bad Request: /api/ouvrages/
WARNING 2025-07-29 12:48:41,651 log 22056 11984 Bad Request: /api/main-oeuvre/
WARNING 2025-07-29 12:48:41,652 basehttp 22056 26012 "GET /api/fournitures/ HTTP/1.1" 400 98
WARNING 2025-07-29 12:48:41,652 basehttp 22056 31460 "GET /api/ouvrages/ HTTP/1.1" 400 98
WARNING 2025-07-29 12:48:41,652 basehttp 22056 11984 "GET /api/main-oeuvre/ HTTP/1.1" 400 98
WARNING 2025-07-29 12:48:41,911 log 22056 33660 Bad Request: /api/fournitures/
WARNING 2025-07-29 12:48:41,912 log 22056 38472 Bad Request: /api/ouvrages/
WARNING 2025-07-29 12:48:41,912 log 22056 39240 Bad Request: /api/main-oeuvre/
WARNING 2025-07-29 12:48:41,913 basehttp 22056 33660 "GET /api/fournitures/ HTTP/1.1" 400 98
WARNING 2025-07-29 12:48:41,913 basehttp 22056 39240 "GET /api/main-oeuvre/ HTTP/1.1" 400 98
WARNING 2025-07-29 12:48:41,913 basehttp 22056 38472 "GET /api/ouvrages/ HTTP/1.1" 400 98
WARNING 2025-07-29 12:48:59,474 log 22056 32264 Bad Request: /api/main-oeuvre/
WARNING 2025-07-29 12:48:59,474 log 22056 9828 Bad Request: /api/fournitures/
WARNING 2025-07-29 12:48:59,475 basehttp 22056 9828 "GET /api/fournitures/ HTTP/1.1" 400 98
WARNING 2025-07-29 12:48:59,475 basehttp 22056 32264 "GET /api/main-oeuvre/ HTTP/1.1" 400 98
WARNING 2025-07-29 12:48:59,726 log 22056 26936 Bad Request: /api/fournitures/
WARNING 2025-07-29 12:48:59,726 log 22056 33632 Bad Request: /api/main-oeuvre/
WARNING 2025-07-29 12:48:59,727 log 22056 17452 Bad Request: /api/ouvrages/
WARNING 2025-07-29 12:48:59,727 basehttp 22056 26936 "GET /api/fournitures/ HTTP/1.1" 400 98
WARNING 2025-07-29 12:48:59,728 basehttp 22056 33632 "GET /api/main-oeuvre/ HTTP/1.1" 400 98
WARNING 2025-07-29 12:48:59,728 basehttp 22056 17452 "GET /api/ouvrages/ HTTP/1.1" 400 98
WARNING 2025-07-29 12:48:59,989 log 22056 33660 Bad Request: /api/ouvrages/
WARNING 2025-07-29 12:48:59,989 basehttp 22056 33660 "GET /api/ouvrages/ HTTP/1.1" 400 98
WARNING 2025-07-29 12:49:14,659 log 22056 33520 Bad Request: /api/fournitures/
WARNING 2025-07-29 12:49:14,660 log 22056 38544 Bad Request: /api/ouvrages/
WARNING 2025-07-29 12:49:14,660 log 22056 17472 Bad Request: /api/main-oeuvre/
WARNING 2025-07-29 12:49:14,661 basehttp 22056 38544 "GET /api/ouvrages/ HTTP/1.1" 400 98
WARNING 2025-07-29 12:49:14,661 basehttp 22056 33520 "GET /api/fournitures/ HTTP/1.1" 400 98
WARNING 2025-07-29 12:49:14,661 basehttp 22056 17472 "GET /api/main-oeuvre/ HTTP/1.1" 400 98
WARNING 2025-07-29 12:49:14,920 log 22056 36008 Bad Request: /api/ouvrages/
WARNING 2025-07-29 12:49:14,920 log 22056 40820 Bad Request: /api/fournitures/
WARNING 2025-07-29 12:49:14,921 log 22056 25124 Bad Request: /api/main-oeuvre/
WARNING 2025-07-29 12:49:14,921 basehttp 22056 36008 "GET /api/ouvrages/ HTTP/1.1" 400 98
WARNING 2025-07-29 12:49:14,922 basehttp 22056 25124 "GET /api/main-oeuvre/ HTTP/1.1" 400 98
WARNING 2025-07-29 12:49:14,922 basehttp 22056 40820 "GET /api/fournitures/ HTTP/1.1" 400 98
WARNING 2025-07-29 12:49:34,236 log 22056 40064 Bad Request: /api/main-oeuvre/
WARNING 2025-07-29 12:49:34,236 log 22056 12740 Bad Request: /api/fournitures/
WARNING 2025-07-29 12:49:34,237 basehttp 22056 40064 "GET /api/main-oeuvre/ HTTP/1.1" 400 98
WARNING 2025-07-29 12:49:34,237 basehttp 22056 12740 "GET /api/fournitures/ HTTP/1.1" 400 98
WARNING 2025-07-29 12:49:34,494 log 22056 29136 Bad Request: /api/fournitures/
WARNING 2025-07-29 12:49:34,495 log 22056 36336 Bad Request: /api/ouvrages/
WARNING 2025-07-29 12:49:34,496 log 22056 14856 Bad Request: /api/main-oeuvre/
WARNING 2025-07-29 12:49:34,496 basehttp 22056 36336 "GET /api/ouvrages/ HTTP/1.1" 400 98
WARNING 2025-07-29 12:49:34,496 basehttp 22056 29136 "GET /api/fournitures/ HTTP/1.1" 400 98
WARNING 2025-07-29 12:49:34,496 basehttp 22056 14856 "GET /api/main-oeuvre/ HTTP/1.1" 400 98
WARNING 2025-07-29 12:49:34,725 log 22056 41592 Bad Request: /api/ouvrages/
WARNING 2025-07-29 12:49:34,725 basehttp 22056 41592 "GET /api/ouvrages/ HTTP/1.1" 400 98
WARNING 2025-07-29 12:50:22,625 log 22056 41412 Bad Request: /api/fournitures/
WARNING 2025-07-29 12:50:22,626 log 22056 26236 Bad Request: /api/main-oeuvre/
WARNING 2025-07-29 12:50:22,626 basehttp 22056 41412 "GET /api/fournitures/ HTTP/1.1" 400 98
WARNING 2025-07-29 12:50:22,627 basehttp 22056 26236 "GET /api/main-oeuvre/ HTTP/1.1" 400 98
WARNING 2025-07-29 12:50:22,886 log 22056 13152 Bad Request: /api/ouvrages/
WARNING 2025-07-29 12:50:22,887 log 22056 22168 Bad Request: /api/ouvrages/
WARNING 2025-07-29 12:50:22,887 log 22056 35344 Bad Request: /api/main-oeuvre/
WARNING 2025-07-29 12:50:22,888 log 22056 41696 Bad Request: /api/fournitures/
WARNING 2025-07-29 12:50:22,888 basehttp 22056 13152 "GET /api/ouvrages/ HTTP/1.1" 400 98
WARNING 2025-07-29 12:50:22,888 basehttp 22056 22168 "GET /api/ouvrages/ HTTP/1.1" 400 98
WARNING 2025-07-29 12:50:22,889 basehttp 22056 35344 "GET /api/main-oeuvre/ HTTP/1.1" 400 98
WARNING 2025-07-29 12:50:22,889 basehttp 22056 41696 "GET /api/fournitures/ HTTP/1.1" 400 98
WARNING 2025-07-29 12:51:05,016 log 22056 34136 Bad Request: /api/fournitures/
WARNING 2025-07-29 12:51:05,017 log 22056 41740 Bad Request: /api/main-oeuvre/
WARNING 2025-07-29 12:51:05,017 basehttp 22056 34136 "GET /api/fournitures/ HTTP/1.1" 400 98
WARNING 2025-07-29 12:51:05,017 basehttp 22056 41740 "GET /api/main-oeuvre/ HTTP/1.1" 400 98
WARNING 2025-07-29 12:51:05,271 log 22056 39656 Bad Request: /api/ouvrages/
WARNING 2025-07-29 12:51:05,271 log 22056 22324 Bad Request: /api/fournitures/
WARNING 2025-07-29 12:51:05,272 log 22056 13824 Bad Request: /api/main-oeuvre/
WARNING 2025-07-29 12:51:05,273 log 22056 38796 Bad Request: /api/ouvrages/
WARNING 2025-07-29 12:51:05,273 basehttp 22056 39656 "GET /api/ouvrages/ HTTP/1.1" 400 98
WARNING 2025-07-29 12:51:05,273 basehttp 22056 22324 "GET /api/fournitures/ HTTP/1.1" 400 98
WARNING 2025-07-29 12:51:05,274 basehttp 22056 13824 "GET /api/main-oeuvre/ HTTP/1.1" 400 98
WARNING 2025-07-29 12:51:05,274 basehttp 22056 38796 "GET /api/ouvrages/ HTTP/1.1" 400 98
INFO 2025-07-29 16:02:43,097 autoreload 18756 17212 Watching for file changes with StatReloader
WARNING 2025-07-29 16:14:16,085 log 18756 20820 Bad Request: /api/fournitures/
WARNING 2025-07-29 16:14:16,101 basehttp 18756 20820 "GET /api/fournitures/ HTTP/1.1" 400 98
WARNING 2025-07-29 16:14:16,078 log 18756 6240 Bad Request: /api/main-oeuvre/
WARNING 2025-07-29 16:14:16,095 log 18756 4764 Bad Request: /api/fournitures/
WARNING 2025-07-29 16:14:16,105 basehttp 18756 6240 "GET /api/main-oeuvre/ HTTP/1.1" 400 98
WARNING 2025-07-29 16:14:16,108 basehttp 18756 4764 "GET /api/fournitures/ HTTP/1.1" 400 98
WARNING 2025-07-29 16:14:16,094 log 18756 8056 Bad Request: /api/main-oeuvre/
WARNING 2025-07-29 16:14:16,129 basehttp 18756 8056 "GET /api/main-oeuvre/ HTTP/1.1" 400 98
WARNING 2025-07-29 16:14:17,276 log 18756 25948 Bad Request: /api/ouvrages/
WARNING 2025-07-29 16:14:17,278 basehttp 18756 25948 "GET /api/ouvrages/ HTTP/1.1" 400 98
WARNING 2025-07-29 16:20:26,017 log 18756 26008 Bad Request: /api/fournitures/
WARNING 2025-07-29 16:20:26,019 basehttp 18756 26008 "GET /api/fournitures/ HTTP/1.1" 400 98
WARNING 2025-07-29 16:20:26,083 log 18756 8172 Bad Request: /api/ouvrages/
WARNING 2025-07-29 16:20:26,089 basehttp 18756 8172 "GET /api/ouvrages/ HTTP/1.1" 400 98
WARNING 2025-07-29 16:20:26,086 log 18756 25208 Bad Request: /api/main-oeuvre/
WARNING 2025-07-29 16:20:26,092 basehttp 18756 25208 "GET /api/main-oeuvre/ HTTP/1.1" 400 98
WARNING 2025-07-29 16:20:47,096 log 18756 10684 Bad Request: /api/fournitures/
WARNING 2025-07-29 16:20:47,098 basehttp 18756 10684 "GET /api/fournitures/ HTTP/1.1" 400 98
WARNING 2025-07-29 16:20:47,402 log 18756 16824 Bad Request: /api/ouvrages/
WARNING 2025-07-29 16:20:47,404 basehttp 18756 16824 "GET /api/ouvrages/ HTTP/1.1" 400 98
WARNING 2025-07-29 16:20:47,473 log 18756 6216 Bad Request: /api/main-oeuvre/
WARNING 2025-07-29 16:20:47,475 basehttp 18756 6216 "GET /api/main-oeuvre/ HTTP/1.1" 400 98
WARNING 2025-07-29 17:16:05,716 log 18756 20936 Bad Request: /api/fournitures/
WARNING 2025-07-29 17:16:05,728 log 18756 1480 Bad Request: /api/main-oeuvre/
WARNING 2025-07-29 17:16:05,731 basehttp 18756 1480 "GET /api/main-oeuvre/ HTTP/1.1" 400 98
WARNING 2025-07-29 17:16:05,732 basehttp 18756 20936 "GET /api/fournitures/ HTTP/1.1" 400 98
WARNING 2025-07-29 17:16:13,579 log 18756 23548 Bad Request: /api/ouvrages/
WARNING 2025-07-29 17:16:13,582 basehttp 18756 23548 "GET /api/ouvrages/ HTTP/1.1" 400 98
WARNING 2025-07-29 17:16:16,391 log 18756 26776 Bad Request: /api/fournitures/
WARNING 2025-07-29 17:16:16,396 log 18756 9892 Bad Request: /api/main-oeuvre/
WARNING 2025-07-29 17:16:16,398 basehttp 18756 26776 "GET /api/fournitures/ HTTP/1.1" 400 98
WARNING 2025-07-29 17:16:16,399 basehttp 18756 9892 "GET /api/main-oeuvre/ HTTP/1.1" 400 98
WARNING 2025-07-29 17:16:16,653 log 18756 372 Bad Request: /api/ouvrages/
WARNING 2025-07-29 17:16:16,655 basehttp 18756 372 "GET /api/ouvrages/ HTTP/1.1" 400 98
WARNING 2025-07-29 17:42:10,719 log 18756 25372 Bad Request: /api/fournitures/
WARNING 2025-07-29 17:42:10,733 basehttp 18756 25372 "GET /api/fournitures/ HTTP/1.1" 400 98
WARNING 2025-07-29 17:42:13,005 log 18756 25996 Bad Request: /api/main-oeuvre/
WARNING 2025-07-29 17:42:13,010 log 18756 19980 Bad Request: /api/ouvrages/
WARNING 2025-07-29 17:42:13,012 basehttp 18756 25996 "GET /api/main-oeuvre/ HTTP/1.1" 400 98
WARNING 2025-07-29 17:42:13,015 basehttp 18756 19980 "GET /api/ouvrages/ HTTP/1.1" 400 98
WARNING 2025-07-29 17:42:19,322 log 18756 21532 Bad Request: /api/fournitures/
WARNING 2025-07-29 17:42:19,324 basehttp 18756 21532 "GET /api/fournitures/ HTTP/1.1" 400 98
WARNING 2025-07-29 17:42:19,832 log 18756 3292 Bad Request: /api/main-oeuvre/
WARNING 2025-07-29 17:42:19,836 log 18756 23468 Bad Request: /api/ouvrages/
WARNING 2025-07-29 17:42:19,838 basehttp 18756 3292 "GET /api/main-oeuvre/ HTTP/1.1" 400 98
WARNING 2025-07-29 17:42:19,839 basehttp 18756 23468 "GET /api/ouvrages/ HTTP/1.1" 400 98
WARNING 2025-07-29 17:46:46,232 log 18756 26236 Bad Request: /api/fournitures/
WARNING 2025-07-29 17:46:46,238 basehttp 18756 26236 "GET /api/fournitures/ HTTP/1.1" 400 98
WARNING 2025-07-29 17:46:46,733 log 18756 26000 Bad Request: /api/fournitures/
WARNING 2025-07-29 17:46:46,739 log 18756 21124 Bad Request: /api/main-oeuvre/
WARNING 2025-07-29 17:46:46,801 log 18756 20044 Bad Request: /api/ouvrages/
WARNING 2025-07-29 17:46:46,803 log 18756 10220 Bad Request: /api/main-oeuvre/
WARNING 2025-07-29 17:46:46,806 log 18756 23624 Bad Request: /api/ouvrages/
WARNING 2025-07-29 17:46:46,808 basehttp 18756 26000 "GET /api/fournitures/ HTTP/1.1" 400 98
WARNING 2025-07-29 17:46:46,810 basehttp 18756 21124 "GET /api/main-oeuvre/ HTTP/1.1" 400 98
WARNING 2025-07-29 17:46:46,810 basehttp 18756 20044 "GET /api/ouvrages/ HTTP/1.1" 400 98
WARNING 2025-07-29 17:46:46,812 basehttp 18756 10220 "GET /api/main-oeuvre/ HTTP/1.1" 400 98
WARNING 2025-07-29 17:46:46,814 basehttp 18756 23624 "GET /api/ouvrages/ HTTP/1.1" 400 98
WARNING 2025-07-29 18:00:28,289 log 18756 11196 Bad Request: /api/library/fournitures/3/
WARNING 2025-07-29 18:00:28,301 basehttp 18756 11196 "GET /api/library/fournitures/3/ HTTP/1.1" 400 98
WARNING 2025-07-29 18:00:28,348 log 18756 18632 Bad Request: /api/library/fournitures/3/
WARNING 2025-07-29 18:00:28,356 basehttp 18756 18632 "GET /api/library/fournitures/3/ HTTP/1.1" 400 98
WARNING 2025-07-29 18:01:29,840 log 18756 24156 Bad Request: /api/main-oeuvre/
WARNING 2025-07-29 18:01:29,843 basehttp 18756 24156 "GET /api/main-oeuvre/ HTTP/1.1" 400 98
WARNING 2025-07-29 18:01:30,020 log 18756 17152 Bad Request: /api/ouvrages/
WARNING 2025-07-29 18:01:30,025 basehttp 18756 17152 "GET /api/ouvrages/ HTTP/1.1" 400 98
WARNING 2025-07-29 18:01:30,064 log 18756 21892 Bad Request: /api/fournitures/
WARNING 2025-07-29 18:01:30,067 basehttp 18756 21892 "GET /api/fournitures/ HTTP/1.1" 400 98
WARNING 2025-07-29 18:01:30,149 log 18756 25120 Bad Request: /api/main-oeuvre/
WARNING 2025-07-29 18:01:30,153 basehttp 18756 25120 "GET /api/main-oeuvre/ HTTP/1.1" 400 98
WARNING 2025-07-29 18:01:30,210 log 18756 25492 Bad Request: /api/ouvrages/
WARNING 2025-07-29 18:01:30,213 basehttp 18756 25492 "GET /api/ouvrages/ HTTP/1.1" 400 98
WARNING 2025-07-29 18:15:43,042 log 18756 16868 Bad Request: /api/fournitures/
WARNING 2025-07-29 18:15:43,047 basehttp 18756 16868 "GET /api/fournitures/ HTTP/1.1" 400 98
WARNING 2025-07-29 18:15:43,038 log 18756 14252 Bad Request: /api/main-oeuvre/
WARNING 2025-07-29 18:15:43,051 basehttp 18756 14252 "GET /api/main-oeuvre/ HTTP/1.1" 400 98
WARNING 2025-07-29 18:15:43,056 log 18756 16208 Bad Request: /api/main-oeuvre/
WARNING 2025-07-29 18:15:43,059 basehttp 18756 16208 "GET /api/main-oeuvre/ HTTP/1.1" 400 98
WARNING 2025-07-29 18:15:43,072 log 18756 20908 Bad Request: /api/ouvrages/
WARNING 2025-07-29 18:15:43,075 basehttp 18756 20908 "GET /api/ouvrages/ HTTP/1.1" 400 98
WARNING 2025-07-29 18:15:43,093 log 18756 23236 Bad Request: /api/fournitures/
WARNING 2025-07-29 18:15:43,095 basehttp 18756 23236 "GET /api/fournitures/ HTTP/1.1" 400 98
WARNING 2025-07-29 18:15:45,245 log 18756 3368 Bad Request: /api/ouvrages/
WARNING 2025-07-29 18:15:45,247 basehttp 18756 3368 "GET /api/ouvrages/ HTTP/1.1" 400 98
WARNING 2025-07-29 18:22:56,730 log 18756 26260 Bad Request: /api/main-oeuvre/
WARNING 2025-07-29 18:22:56,732 log 18756 25440 Bad Request: /api/ouvrages/
WARNING 2025-07-29 18:22:56,736 log 18756 26444 Bad Request: /api/ouvrages/
WARNING 2025-07-29 18:22:56,738 log 18756 8096 Bad Request: /api/main-oeuvre/
WARNING 2025-07-29 18:22:56,741 log 18756 3544 Bad Request: /api/fournitures/
WARNING 2025-07-29 18:22:56,726 log 18756 21168 Bad Request: /api/fournitures/
WARNING 2025-07-29 18:22:56,745 basehttp 18756 26260 "GET /api/main-oeuvre/ HTTP/1.1" 400 98
WARNING 2025-07-29 18:22:56,747 basehttp 18756 26444 "GET /api/ouvrages/ HTTP/1.1" 400 98
WARNING 2025-07-29 18:22:56,747 basehttp 18756 25440 "GET /api/ouvrages/ HTTP/1.1" 400 98
WARNING 2025-07-29 18:22:56,748 basehttp 18756 8096 "GET /api/main-oeuvre/ HTTP/1.1" 400 98
WARNING 2025-07-29 18:22:56,749 basehttp 18756 3544 "GET /api/fournitures/ HTTP/1.1" 400 98
WARNING 2025-07-29 18:22:56,751 basehttp 18756 21168 "GET /api/fournitures/ HTTP/1.1" 400 98
WARNING 2025-07-29 18:33:58,879 log 18756 3348 Bad Request: /api/fournitures/
WARNING 2025-07-29 18:33:58,885 log 18756 25480 Bad Request: /api/main-oeuvre/
WARNING 2025-07-29 18:33:58,890 basehttp 18756 25480 "GET /api/main-oeuvre/ HTTP/1.1" 400 98
WARNING 2025-07-29 18:33:58,893 basehttp 18756 3348 "GET /api/fournitures/ HTTP/1.1" 400 98
WARNING 2025-07-29 18:33:59,098 log 18756 16864 Bad Request: /api/main-oeuvre/
WARNING 2025-07-29 18:33:59,099 basehttp 18756 16864 "GET /api/main-oeuvre/ HTTP/1.1" 400 98
WARNING 2025-07-29 18:33:59,108 log 18756 23196 Bad Request: /api/ouvrages/
WARNING 2025-07-29 18:33:59,112 basehttp 18756 23196 "GET /api/ouvrages/ HTTP/1.1" 400 98
WARNING 2025-07-29 18:33:59,121 log 18756 3664 Bad Request: /api/fournitures/
WARNING 2025-07-29 18:33:59,126 basehttp 18756 3664 "GET /api/fournitures/ HTTP/1.1" 400 98
WARNING 2025-07-29 18:33:59,145 log 18756 1512 Bad Request: /api/ouvrages/
WARNING 2025-07-29 18:33:59,146 basehttp 18756 1512 "GET /api/ouvrages/ HTTP/1.1" 400 98
WARNING 2025-07-29 18:42:32,687 log 18756 21648 Bad Request: /api/fournitures/
WARNING 2025-07-29 18:42:32,692 basehttp 18756 21648 "GET /api/fournitures/ HTTP/1.1" 400 98
WARNING 2025-07-29 18:42:32,706 log 18756 20380 Bad Request: /api/main-oeuvre/
WARNING 2025-07-29 18:42:32,708 basehttp 18756 20380 "GET /api/main-oeuvre/ HTTP/1.1" 400 98
WARNING 2025-07-29 18:42:32,913 log 18756 22860 Bad Request: /api/ouvrages/
WARNING 2025-07-29 18:42:32,915 basehttp 18756 22860 "GET /api/ouvrages/ HTTP/1.1" 400 98
WARNING 2025-07-29 18:42:32,920 log 18756 22880 Bad Request: /api/fournitures/
WARNING 2025-07-29 18:42:32,921 basehttp 18756 22880 "GET /api/fournitures/ HTTP/1.1" 400 98
WARNING 2025-07-29 18:42:32,944 log 18756 18436 Bad Request: /api/ouvrages/
WARNING 2025-07-29 18:42:32,947 basehttp 18756 18436 "GET /api/ouvrages/ HTTP/1.1" 400 98
WARNING 2025-07-29 18:42:32,970 log 18756 5812 Bad Request: /api/main-oeuvre/
WARNING 2025-07-29 18:42:32,975 basehttp 18756 5812 "GET /api/main-oeuvre/ HTTP/1.1" 400 98
WARNING 2025-07-29 18:47:06,311 log 18756 1628 Bad Request: /api/fournitures/
WARNING 2025-07-29 18:47:06,314 log 18756 26640 Bad Request: /api/main-oeuvre/
WARNING 2025-07-29 18:47:06,316 basehttp 18756 1628 "GET /api/fournitures/ HTTP/1.1" 400 98
WARNING 2025-07-29 18:47:06,317 basehttp 18756 26640 "GET /api/main-oeuvre/ HTTP/1.1" 400 98
WARNING 2025-07-29 18:47:06,435 log 18756 24304 Bad Request: /api/ouvrages/
WARNING 2025-07-29 18:47:06,438 basehttp 18756 24304 "GET /api/ouvrages/ HTTP/1.1" 400 98
WARNING 2025-07-29 18:47:06,477 log 18756 17504 Bad Request: /api/fournitures/
WARNING 2025-07-29 18:47:06,479 basehttp 18756 17504 "GET /api/fournitures/ HTTP/1.1" 400 98
WARNING 2025-07-29 18:47:06,591 log 18756 16204 Bad Request: /api/main-oeuvre/
WARNING 2025-07-29 18:47:06,592 basehttp 18756 16204 "GET /api/main-oeuvre/ HTTP/1.1" 400 98
WARNING 2025-07-29 18:47:06,627 log 18756 8036 Bad Request: /api/ouvrages/
WARNING 2025-07-29 18:47:06,629 basehttp 18756 8036 "GET /api/ouvrages/ HTTP/1.1" 400 98
WARNING 2025-07-29 18:59:47,478 log 18756 26652 Bad Request: /api/fournitures/
WARNING 2025-07-29 18:59:47,487 basehttp 18756 26652 "GET /api/fournitures/ HTTP/1.1" 400 98
WARNING 2025-07-29 18:59:47,783 log 18756 20484 Bad Request: /api/main-oeuvre/
WARNING 2025-07-29 18:59:47,784 basehttp 18756 20484 "GET /api/main-oeuvre/ HTTP/1.1" 400 98
WARNING 2025-07-29 18:59:47,849 log 18756 11684 Bad Request: /api/fournitures/
WARNING 2025-07-29 18:59:47,851 basehttp 18756 11684 "GET /api/fournitures/ HTTP/1.1" 400 98
WARNING 2025-07-29 18:59:47,904 log 18756 26896 Bad Request: /api/ouvrages/
WARNING 2025-07-29 18:59:47,909 basehttp 18756 26896 "GET /api/ouvrages/ HTTP/1.1" 400 98
WARNING 2025-07-29 18:59:47,929 log 18756 19316 Bad Request: /api/main-oeuvre/
WARNING 2025-07-29 18:59:47,932 basehttp 18756 19316 "GET /api/main-oeuvre/ HTTP/1.1" 400 98
WARNING 2025-07-29 18:59:47,947 log 18756 7216 Bad Request: /api/ouvrages/
WARNING 2025-07-29 18:59:47,950 basehttp 18756 7216 "GET /api/ouvrages/ HTTP/1.1" 400 98
WARNING 2025-07-29 19:02:05,052 log 18756 8404 Bad Request: /api/main-oeuvre/
WARNING 2025-07-29 19:02:05,055 log 18756 16264 Bad Request: /api/fournitures/
WARNING 2025-07-29 19:02:05,056 basehttp 18756 16264 "GET /api/fournitures/ HTTP/1.1" 400 98
WARNING 2025-07-29 19:02:05,059 basehttp 18756 8404 "GET /api/main-oeuvre/ HTTP/1.1" 400 98
WARNING 2025-07-29 19:02:05,325 log 18756 1332 Bad Request: /api/ouvrages/
WARNING 2025-07-29 19:02:05,329 log 18756 4324 Bad Request: /api/fournitures/
WARNING 2025-07-29 19:02:05,331 basehttp 18756 1332 "GET /api/ouvrages/ HTTP/1.1" 400 98
WARNING 2025-07-29 19:02:05,333 basehttp 18756 4324 "GET /api/fournitures/ HTTP/1.1" 400 98
WARNING 2025-07-29 19:02:05,350 log 18756 21964 Bad Request: /api/ouvrages/
WARNING 2025-07-29 19:02:05,352 basehttp 18756 21964 "GET /api/ouvrages/ HTTP/1.1" 400 98
WARNING 2025-07-29 19:02:05,445 log 18756 21268 Bad Request: /api/main-oeuvre/
WARNING 2025-07-29 19:02:05,446 basehttp 18756 21268 "GET /api/main-oeuvre/ HTTP/1.1" 400 98
WARNING 2025-07-29 19:08:54,607 log 18756 3504 Bad Request: /api/fournitures/
WARNING 2025-07-29 19:08:54,613 basehttp 18756 3504 "GET /api/fournitures/ HTTP/1.1" 400 98
WARNING 2025-07-29 19:08:54,820 log 18756 27112 Bad Request: /api/main-oeuvre/
WARNING 2025-07-29 19:08:54,824 basehttp 18756 27112 "GET /api/main-oeuvre/ HTTP/1.1" 400 98
WARNING 2025-07-29 19:08:54,830 log 18756 27184 Bad Request: /api/main-oeuvre/
WARNING 2025-07-29 19:08:54,832 basehttp 18756 27184 "GET /api/main-oeuvre/ HTTP/1.1" 400 98
WARNING 2025-07-29 19:08:54,845 log 18756 320 Bad Request: /api/ouvrages/
WARNING 2025-07-29 19:08:54,848 basehttp 18756 320 "GET /api/ouvrages/ HTTP/1.1" 400 98
WARNING 2025-07-29 19:08:54,863 log 18756 27412 Bad Request: /api/fournitures/
WARNING 2025-07-29 19:08:54,865 basehttp 18756 27412 "GET /api/fournitures/ HTTP/1.1" 400 98
WARNING 2025-07-29 19:08:54,884 log 18756 26180 Bad Request: /api/ouvrages/
WARNING 2025-07-29 19:08:54,886 basehttp 18756 26180 "GET /api/ouvrages/ HTTP/1.1" 400 98
WARNING 2025-07-29 19:18:10,491 log 18756 27556 Bad Request: /api/fournitures/
WARNING 2025-07-29 19:18:10,497 basehttp 18756 27556 "GET /api/fournitures/ HTTP/1.1" 400 98
WARNING 2025-07-29 19:18:10,718 log 18756 5936 Bad Request: /api/main-oeuvre/
WARNING 2025-07-29 19:18:10,723 basehttp 18756 5936 "GET /api/main-oeuvre/ HTTP/1.1" 400 98
WARNING 2025-07-29 19:18:10,761 log 18756 24004 Bad Request: /api/fournitures/
WARNING 2025-07-29 19:18:10,763 basehttp 18756 24004 "GET /api/fournitures/ HTTP/1.1" 400 98
WARNING 2025-07-29 19:18:10,815 log 18756 27200 Bad Request: /api/ouvrages/
WARNING 2025-07-29 19:18:10,819 basehttp 18756 27200 "GET /api/ouvrages/ HTTP/1.1" 400 98
WARNING 2025-07-29 19:18:10,835 log 18756 27372 Bad Request: /api/ouvrages/
WARNING 2025-07-29 19:18:10,837 basehttp 18756 27372 "GET /api/ouvrages/ HTTP/1.1" 400 98
WARNING 2025-07-29 19:18:10,846 log 18756 15004 Bad Request: /api/main-oeuvre/
WARNING 2025-07-29 19:18:10,852 basehttp 18756 15004 "GET /api/main-oeuvre/ HTTP/1.1" 400 98
INFO 2025-07-30 08:13:38,251 autoreload 20992 24992 Watching for file changes with StatReloader
INFO 2025-07-30 09:27:59,746 autoreload 24132 27116 Watching for file changes with StatReloader
WARNING 2025-07-30 09:30:05,509 log 24132 22472 Bad Request: /api/fournitures/
WARNING 2025-07-30 09:30:05,511 basehttp 24132 22472 "GET /api/fournitures/ HTTP/1.1" 400 98
WARNING 2025-07-30 09:30:05,766 log 24132 18416 Bad Request: /api/main-oeuvre/
WARNING 2025-07-30 09:30:05,768 basehttp 24132 18416 "GET /api/main-oeuvre/ HTTP/1.1" 400 98
WARNING 2025-07-30 09:30:05,774 log 24132 8092 Bad Request: /api/ouvrages/
WARNING 2025-07-30 09:30:05,776 basehttp 24132 8092 "GET /api/ouvrages/ HTTP/1.1" 400 98
WARNING 2025-07-30 09:30:05,796 log 24132 14060 Bad Request: /api/main-oeuvre/
WARNING 2025-07-30 09:30:05,800 basehttp 24132 14060 "GET /api/main-oeuvre/ HTTP/1.1" 400 98
WARNING 2025-07-30 09:30:05,825 log 24132 21828 Bad Request: /api/fournitures/
WARNING 2025-07-30 09:30:05,826 basehttp 24132 21828 "GET /api/fournitures/ HTTP/1.1" 400 98
WARNING 2025-07-30 09:30:05,840 log 24132 10556 Bad Request: /api/ouvrages/
WARNING 2025-07-30 09:30:05,841 basehttp 24132 10556 "GET /api/ouvrages/ HTTP/1.1" 400 98
WARNING 2025-07-30 09:51:15,209 log 24132 22492 Bad Request: /api/fournitures/
WARNING 2025-07-30 09:51:15,219 basehttp 24132 22492 "GET /api/fournitures/ HTTP/1.1" 400 98
WARNING 2025-07-30 09:51:15,343 log 24132 26088 Bad Request: /api/ouvrages/
WARNING 2025-07-30 09:51:15,345 log 24132 6868 Bad Request: /api/main-oeuvre/
WARNING 2025-07-30 09:51:15,348 log 24132 20992 Bad Request: /api/ouvrages/
WARNING 2025-07-30 09:51:15,350 log 24132 27324 Bad Request: /api/fournitures/
WARNING 2025-07-30 09:51:15,355 log 24132 23428 Bad Request: /api/main-oeuvre/
WARNING 2025-07-30 09:51:15,357 basehttp 24132 26088 "GET /api/ouvrages/ HTTP/1.1" 400 98
WARNING 2025-07-30 09:51:15,359 basehttp 24132 6868 "GET /api/main-oeuvre/ HTTP/1.1" 400 98
WARNING 2025-07-30 09:51:15,359 basehttp 24132 20992 "GET /api/ouvrages/ HTTP/1.1" 400 98
WARNING 2025-07-30 09:51:15,360 basehttp 24132 27324 "GET /api/fournitures/ HTTP/1.1" 400 98
WARNING 2025-07-30 09:51:15,361 basehttp 24132 23428 "GET /api/main-oeuvre/ HTTP/1.1" 400 98
WARNING 2025-07-30 09:56:37,518 log 24132 10444 Bad Request: /api/fournitures/
WARNING 2025-07-30 09:56:37,520 basehttp 24132 10444 "GET /api/fournitures/ HTTP/1.1" 400 98
WARNING 2025-07-30 09:56:37,801 log 24132 24544 Bad Request: /api/ouvrages/
WARNING 2025-07-30 09:56:37,806 basehttp 24132 24544 "GET /api/ouvrages/ HTTP/1.1" 400 98
WARNING 2025-07-30 09:56:37,841 log 24132 27644 Bad Request: /api/ouvrages/
WARNING 2025-07-30 09:56:37,843 basehttp 24132 27644 "GET /api/ouvrages/ HTTP/1.1" 400 98
WARNING 2025-07-30 09:56:37,859 log 24132 26148 Bad Request: /api/main-oeuvre/
WARNING 2025-07-30 09:56:37,860 basehttp 24132 26148 "GET /api/main-oeuvre/ HTTP/1.1" 400 98
WARNING 2025-07-30 09:56:37,900 log 24132 19340 Bad Request: /api/main-oeuvre/
WARNING 2025-07-30 09:56:37,902 basehttp 24132 19340 "GET /api/main-oeuvre/ HTTP/1.1" 400 98
WARNING 2025-07-30 09:56:37,952 log 24132 9132 Bad Request: /api/fournitures/
WARNING 2025-07-30 09:56:37,954 basehttp 24132 9132 "GET /api/fournitures/ HTTP/1.1" 400 98
WARNING 2025-07-30 10:04:42,598 log 24132 15440 Bad Request: /api/fournitures/
WARNING 2025-07-30 10:04:42,603 basehttp 24132 15440 "GET /api/fournitures/ HTTP/1.1" 400 98
WARNING 2025-07-30 10:04:42,833 log 24132 4436 Bad Request: /api/fournitures/
WARNING 2025-07-30 10:04:42,837 log 24132 10036 Bad Request: /api/main-oeuvre/
WARNING 2025-07-30 10:04:42,841 log 24132 20584 Bad Request: /api/main-oeuvre/
WARNING 2025-07-30 10:04:42,845 log 24132 1636 Bad Request: /api/ouvrages/
WARNING 2025-07-30 10:04:42,848 log 24132 23660 Bad Request: /api/ouvrages/
WARNING 2025-07-30 10:04:42,852 basehttp 24132 10036 "GET /api/main-oeuvre/ HTTP/1.1" 400 98
WARNING 2025-07-30 10:04:42,853 basehttp 24132 4436 "GET /api/fournitures/ HTTP/1.1" 400 98
WARNING 2025-07-30 10:04:42,854 basehttp 24132 20584 "GET /api/main-oeuvre/ HTTP/1.1" 400 98
WARNING 2025-07-30 10:04:42,855 basehttp 24132 1636 "GET /api/ouvrages/ HTTP/1.1" 400 98
WARNING 2025-07-30 10:04:42,856 basehttp 24132 23660 "GET /api/ouvrages/ HTTP/1.1" 400 98
WARNING 2025-07-30 13:26:24,934 log 24132 11004 Bad Request: /api/main-oeuvre/
WARNING 2025-07-30 13:26:24,931 log 24132 6884 Bad Request: /api/fournitures/
WARNING 2025-07-30 13:26:24,941 basehttp 24132 11004 "GET /api/main-oeuvre/ HTTP/1.1" 400 98
WARNING 2025-07-30 13:26:24,943 basehttp 24132 6884 "GET /api/fournitures/ HTTP/1.1" 400 98
WARNING 2025-07-30 13:26:25,366 log 24132 22444 Bad Request: /api/main-oeuvre/
WARNING 2025-07-30 13:26:25,370 basehttp 24132 22444 "GET /api/main-oeuvre/ HTTP/1.1" 400 98
WARNING 2025-07-30 13:26:25,377 log 24132 23268 Bad Request: /api/fournitures/
WARNING 2025-07-30 13:26:25,381 log 24132 26540 Bad Request: /api/ouvrages/
WARNING 2025-07-30 13:26:25,386 log 24132 21264 Bad Request: /api/ouvrages/
WARNING 2025-07-30 13:26:25,389 basehttp 24132 23268 "GET /api/fournitures/ HTTP/1.1" 400 98
WARNING 2025-07-30 13:26:25,391 basehttp 24132 26540 "GET /api/ouvrages/ HTTP/1.1" 400 98
WARNING 2025-07-30 13:26:25,392 basehttp 24132 21264 "GET /api/ouvrages/ HTTP/1.1" 400 98
WARNING 2025-07-30 13:40:03,362 log 24132 24020 Bad Request: /api/fournitures/
WARNING 2025-07-30 13:40:03,376 basehttp 24132 24020 "GET /api/fournitures/ HTTP/1.1" 400 98
WARNING 2025-07-30 13:40:03,414 log 24132 5036 Bad Request: /api/main-oeuvre/
WARNING 2025-07-30 13:40:03,417 basehttp 24132 5036 "GET /api/main-oeuvre/ HTTP/1.1" 400 98
WARNING 2025-07-30 13:40:03,751 log 24132 16908 Bad Request: /api/main-oeuvre/
WARNING 2025-07-30 13:40:03,758 log 24132 8696 Bad Request: /api/fournitures/
WARNING 2025-07-30 13:40:03,763 log 24132 7632 Bad Request: /api/ouvrages/
WARNING 2025-07-30 13:40:03,765 basehttp 24132 16908 "GET /api/main-oeuvre/ HTTP/1.1" 400 98
WARNING 2025-07-30 13:40:03,766 basehttp 24132 8696 "GET /api/fournitures/ HTTP/1.1" 400 98
WARNING 2025-07-30 13:40:03,771 log 24132 23072 Bad Request: /api/ouvrages/
WARNING 2025-07-30 13:40:03,773 basehttp 24132 7632 "GET /api/ouvrages/ HTTP/1.1" 400 98
WARNING 2025-07-30 13:40:03,774 basehttp 24132 23072 "GET /api/ouvrages/ HTTP/1.1" 400 98
WARNING 2025-07-30 13:51:05,957 log 24132 25820 Bad Request: /api/fournitures/
WARNING 2025-07-30 13:51:05,960 log 24132 10160 Bad Request: /api/main-oeuvre/
WARNING 2025-07-30 13:51:05,965 basehttp 24132 25820 "GET /api/fournitures/ HTTP/1.1" 400 98
WARNING 2025-07-30 13:51:05,966 basehttp 24132 10160 "GET /api/main-oeuvre/ HTTP/1.1" 400 98
WARNING 2025-07-30 13:51:05,980 log 24132 4940 Bad Request: /api/ouvrages/
WARNING 2025-07-30 13:51:05,982 basehttp 24132 4940 "GET /api/ouvrages/ HTTP/1.1" 400 98
WARNING 2025-07-30 13:51:06,190 log 24132 18884 Bad Request: /api/main-oeuvre/
WARNING 2025-07-30 13:51:06,195 log 24132 9868 Bad Request: /api/fournitures/
WARNING 2025-07-30 13:51:06,197 basehttp 24132 9868 "GET /api/fournitures/ HTTP/1.1" 400 98
WARNING 2025-07-30 13:51:06,199 basehttp 24132 18884 "GET /api/main-oeuvre/ HTTP/1.1" 400 98
WARNING 2025-07-30 13:51:06,204 log 24132 20168 Bad Request: /api/ouvrages/
WARNING 2025-07-30 13:51:06,206 basehttp 24132 20168 "GET /api/ouvrages/ HTTP/1.1" 400 98
INFO 2025-07-30 14:04:14,586 middleware 24132 19616 Library - Création contrôlée du tenant: c42b51b9-dc0a-4cdf-8c0a-1396d6d32245
INFO 2025-07-30 14:04:14,589 middleware 24132 27428 Library - Création contrôlée du tenant: c42b51b9-dc0a-4cdf-8c0a-1396d6d32245
INFO 2025-07-30 14:04:14,590 middleware 24132 16160 Library - Création contrôlée du tenant: c42b51b9-dc0a-4cdf-8c0a-1396d6d32245
INFO 2025-07-30 14:04:14,592 middleware 24132 6628 Library - Création contrôlée du tenant: c42b51b9-dc0a-4cdf-8c0a-1396d6d32245
INFO 2025-07-30 14:04:14,631 middleware 24132 25956 Library - Création contrôlée du tenant: c42b51b9-dc0a-4cdf-8c0a-1396d6d32245
INFO 2025-07-30 14:04:15,722 middleware 24132 13036 Library - Création contrôlée du tenant: c42b51b9-dc0a-4cdf-8c0a-1396d6d32245
INFO 2025-07-30 14:04:52,280 middleware 24132 27428 Library - Tenant créé: Potts Copeland Inc (schema: tenant_potts_copeland_inc)
WARNING 2025-07-30 14:04:52,389 middleware 24132 19616 Library - Erreur création, récupération: duplicate key value violates unique constraint "tenant_schema_client_schema_name_key"
DETAIL:  Key (schema_name)=(tenant_potts_copeland_inc) already exists.

WARNING 2025-07-30 14:04:52,390 middleware 24132 16160 Library - Erreur création, récupération: duplicate key value violates unique constraint "tenant_schema_client_schema_name_key"
DETAIL:  Key (schema_name)=(tenant_potts_copeland_inc) already exists.

WARNING 2025-07-30 14:04:52,390 middleware 24132 13036 Library - Erreur création, récupération: duplicate key value violates unique constraint "tenant_schema_client_schema_name_key"
DETAIL:  Key (schema_name)=(tenant_potts_copeland_inc) already exists.

WARNING 2025-07-30 14:04:52,407 middleware 24132 6628 Library - Erreur création, récupération: duplicate key value violates unique constraint "tenant_schema_client_schema_name_key"
DETAIL:  Key (schema_name)=(tenant_potts_copeland_inc) already exists.

WARNING 2025-07-30 14:04:52,423 middleware 24132 25956 Library - Erreur création, récupération: duplicate key value violates unique constraint "tenant_schema_client_schema_name_key"
DETAIL:  Key (schema_name)=(tenant_potts_copeland_inc) already exists.

INFO 2025-07-30 14:04:52,477 basehttp 24132 27428 - Broken pipe from ('127.0.0.1', 50501)
INFO 2025-07-30 14:04:52,593 basehttp 24132 19616 - Broken pipe from ('127.0.0.1', 50495)
INFO 2025-07-30 14:04:52,611 basehttp 24132 16160 - Broken pipe from ('127.0.0.1', 50500)
INFO 2025-07-30 14:04:52,616 basehttp 24132 13036 - Broken pipe from ('127.0.0.1', 50496)
INFO 2025-07-30 14:04:52,640 basehttp 24132 6628 - Broken pipe from ('127.0.0.1', 50499)
INFO 2025-07-30 14:04:52,670 basehttp 24132 25956 - Broken pipe from ('127.0.0.1', 50502)
INFO 2025-07-30 14:09:36,254 basehttp 24132 14256 "GET /api/fournitures/ HTTP/1.1" 200 52
INFO 2025-07-30 14:09:36,416 basehttp 24132 13852 "GET /api/main-oeuvre/ HTTP/1.1" 200 52
INFO 2025-07-30 14:09:36,497 basehttp 24132 2016 "GET /api/fournitures/ HTTP/1.1" 200 52
INFO 2025-07-30 14:09:36,518 basehttp 24132 24916 "GET /api/ouvrages/ HTTP/1.1" 200 52
INFO 2025-07-30 14:09:36,682 basehttp 24132 23144 "GET /api/ouvrages/ HTTP/1.1" 200 52
INFO 2025-07-30 14:09:36,868 basehttp 24132 14500 "GET /api/main-oeuvre/ HTTP/1.1" 200 52
INFO 2025-07-30 14:10:53,907 mixins 24132 27108 Library - Action: create, User: xexydyt@mailinator.com, Tenant: Potts Copeland Inc
INFO 2025-07-30 14:10:54,766 basehttp 24132 27108 "POST /api/fournitures/ HTTP/1.1" 201 442
WARNING 2025-07-30 14:11:00,687 log 24132 4216 Not Found: /api/library/fournitures/1/
WARNING 2025-07-30 14:11:00,705 log 24132 21656 Not Found: /api/library/fournitures/1/
WARNING 2025-07-30 14:11:00,706 basehttp 24132 4216 "GET /api/library/fournitures/1/ HTTP/1.1" 404 14652
WARNING 2025-07-30 14:11:00,707 basehttp 24132 21656 "GET /api/library/fournitures/1/ HTTP/1.1" 404 14652
INFO 2025-07-30 14:13:32,135 basehttp 24132 21536 "GET /api/ouvrages/ HTTP/1.1" 200 52
INFO 2025-07-30 14:13:32,147 basehttp 24132 25520 "GET /api/main-oeuvre/ HTTP/1.1" 200 52
INFO 2025-07-30 14:13:32,189 basehttp 24132 22424 "GET /api/main-oeuvre/ HTTP/1.1" 200 52
INFO 2025-07-30 14:13:32,306 basehttp 24132 24364 "GET /api/ouvrages/ HTTP/1.1" 200 52
INFO 2025-07-30 14:13:34,418 basehttp 24132 23788 "GET /api/fournitures/ HTTP/1.1" 200 494
INFO 2025-07-30 14:13:34,686 basehttp 24132 20720 "GET /api/fournitures/ HTTP/1.1" 200 494
WARNING 2025-07-30 14:14:06,273 log 24132 27264 Not Found: /api/library/fournitures/1/
WARNING 2025-07-30 14:14:06,276 basehttp 24132 27264 "GET /api/library/fournitures/1/ HTTP/1.1" 404 14652
WARNING 2025-07-30 14:14:06,387 log 24132 26928 Not Found: /api/library/fournitures/1/
WARNING 2025-07-30 14:14:06,393 basehttp 24132 26928 "GET /api/library/fournitures/1/ HTTP/1.1" 404 14652
INFO 2025-07-30 14:18:00,483 autoreload 24132 27116 C:\Users\jean\Documents\projet\library-service\library\middleware.py changed, reloading.
INFO 2025-07-30 14:18:07,907 autoreload 27844 5732 Watching for file changes with StatReloader
INFO 2025-07-30 14:18:59,261 autoreload 27844 5732 C:\Users\jean\Documents\projet\library-service\library_service\settings.py changed, reloading.
INFO 2025-07-30 14:19:03,694 autoreload 6292 14216 Watching for file changes with StatReloader
INFO 2025-07-30 14:19:15,691 autoreload 6292 14216 C:\Users\jean\Documents\projet\library-service\library\middleware.py changed, reloading.
INFO 2025-07-30 14:19:20,048 autoreload 20040 10136 Watching for file changes with StatReloader
WARNING 2025-07-30 14:21:57,031 log 20040 15048 Not Found: /api/library/fournitures/1/
WARNING 2025-07-30 14:21:57,041 basehttp 20040 15048 "GET /api/library/fournitures/1/ HTTP/1.1" 404 14652
WARNING 2025-07-30 14:21:57,076 log 20040 27992 Not Found: /api/library/fournitures/1/
WARNING 2025-07-30 14:21:57,078 basehttp 20040 27992 "GET /api/library/fournitures/1/ HTTP/1.1" 404 14652
INFO 2025-07-30 14:22:16,787 basehttp 20040 1680 "GET /api/ouvrages/ HTTP/1.1" 200 52
INFO 2025-07-30 14:22:16,867 basehttp 20040 28468 "GET /api/main-oeuvre/ HTTP/1.1" 200 52
INFO 2025-07-30 14:22:16,997 basehttp 20040 26816 "GET /api/main-oeuvre/ HTTP/1.1" 200 52
INFO 2025-07-30 14:22:17,390 basehttp 20040 28308 "GET /api/ouvrages/ HTTP/1.1" 200 52
INFO 2025-07-30 14:22:18,126 basehttp 20040 19148 "GET /api/fournitures/ HTTP/1.1" 200 494
INFO 2025-07-30 14:22:18,680 basehttp 20040 136 "GET /api/fournitures/ HTTP/1.1" 200 494
WARNING 2025-07-30 14:23:13,452 log 20040 5792 Not Found: /api/library/fournitures/1/
WARNING 2025-07-30 14:23:13,453 basehttp 20040 5792 "GET /api/library/fournitures/1/ HTTP/1.1" 404 14652
WARNING 2025-07-30 14:23:14,439 log 20040 27840 Not Found: /api/library/fournitures/1/
WARNING 2025-07-30 14:23:14,440 basehttp 20040 27840 "GET /api/library/fournitures/1/ HTTP/1.1" 404 14652
INFO 2025-07-30 14:24:44,214 basehttp 20040 9552 "GET /api/ouvrages/ HTTP/1.1" 200 52
INFO 2025-07-30 14:24:44,397 basehttp 20040 9112 "GET /api/main-oeuvre/ HTTP/1.1" 200 52
INFO 2025-07-30 14:24:44,426 basehttp 20040 27944 "GET /api/ouvrages/ HTTP/1.1" 200 52
INFO 2025-07-30 14:24:44,558 basehttp 20040 26596 "GET /api/main-oeuvre/ HTTP/1.1" 200 52
INFO 2025-07-30 14:24:45,312 basehttp 20040 25880 "GET /api/fournitures/ HTTP/1.1" 200 494
INFO 2025-07-30 14:24:45,324 basehttp 20040 28540 "GET /api/fournitures/ HTTP/1.1" 200 494
INFO 2025-07-30 14:35:25,567 middleware 20040 16136 Library - Création contrôlée du tenant: cf22f06c-4134-4bf0-9fbd-8a00c04a6c8f
INFO 2025-07-30 14:35:25,738 middleware 20040 17916 Library - Création contrôlée du tenant: cf22f06c-4134-4bf0-9fbd-8a00c04a6c8f
INFO 2025-07-30 14:35:25,897 middleware 20040 10476 Library - Création contrôlée du tenant: cf22f06c-4134-4bf0-9fbd-8a00c04a6c8f
INFO 2025-07-30 14:35:39,813 middleware 20040 4220 Library - Création contrôlée du tenant: cf22f06c-4134-4bf0-9fbd-8a00c04a6c8f
INFO 2025-07-30 14:35:40,030 middleware 20040 16160 Library - Création contrôlée du tenant: cf22f06c-4134-4bf0-9fbd-8a00c04a6c8f
INFO 2025-07-30 14:35:43,032 middleware 20040 21980 Library - Création contrôlée du tenant: cf22f06c-4134-4bf0-9fbd-8a00c04a6c8f
INFO 2025-07-30 14:36:22,772 middleware 20040 16136 Library - Tenant créé: ETAO (schema: tenant_etao)
INFO 2025-07-30 14:36:23,008 basehttp 20040 16136 - Broken pipe from ('127.0.0.1', 53291)
INFO 2025-07-30 14:36:23,118 basehttp 20040 4220 - Broken pipe from ('127.0.0.1', 53335)
INFO 2025-07-30 14:36:23,124 basehttp 20040 17916 - Broken pipe from ('127.0.0.1', 53296)
INFO 2025-07-30 14:36:23,362 basehttp 20040 10476 - Broken pipe from ('127.0.0.1', 53297)
INFO 2025-07-30 14:36:23,468 basehttp 20040 16160 - Broken pipe from ('127.0.0.1', 53338)
INFO 2025-07-30 14:36:23,504 basehttp 20040 21980 - Broken pipe from ('127.0.0.1', 53345)
INFO 2025-07-30 14:37:14,045 autoreload 20708 4032 Watching for file changes with StatReloader
INFO 2025-07-30 14:38:30,312 basehttp 20708 25936 "GET /api/fournitures/ HTTP/1.1" 200 52
INFO 2025-07-30 14:38:30,639 basehttp 20708 7496 "GET /api/main-oeuvre/ HTTP/1.1" 200 52
INFO 2025-07-30 14:38:30,785 basehttp 20708 24928 "GET /api/fournitures/ HTTP/1.1" 200 52
INFO 2025-07-30 14:38:30,786 basehttp 20708 2660 "GET /api/ouvrages/ HTTP/1.1" 200 52
INFO 2025-07-30 14:38:31,047 basehttp 20708 27772 "GET /api/main-oeuvre/ HTTP/1.1" 200 52
INFO 2025-07-30 14:38:31,633 basehttp 20708 28408 "GET /api/ouvrages/ HTTP/1.1" 200 52
INFO 2025-07-30 14:39:05,636 mixins 20708 1316 Library - Action: create, User: elvislex@live.fr, Tenant: ETAO
INFO 2025-07-30 14:39:05,826 basehttp 20708 1316 "POST /api/main-oeuvre/ HTTP/1.1" 201 366
WARNING 2025-07-30 14:39:10,722 log 20708 26972 Bad Request: /api/main-oeuvre/1/
WARNING 2025-07-30 14:39:10,725 log 20708 8144 Bad Request: /api/main-oeuvre/1/
WARNING 2025-07-30 14:39:10,726 basehttp 20708 26972 "GET /api/main-oeuvre/1/ HTTP/1.1" 400 115
WARNING 2025-07-30 14:39:10,727 basehttp 20708 8144 "GET /api/main-oeuvre/1/ HTTP/1.1" 400 115
INFO 2025-07-30 14:43:59,919 autoreload 20708 4032 C:\Users\jean\Documents\projet\library-service\library\middleware.py changed, reloading.
INFO 2025-07-30 14:44:08,725 autoreload 5164 13420 Watching for file changes with StatReloader
INFO 2025-07-30 14:44:50,914 basehttp 5164 27128 "GET /api/fournitures/ HTTP/1.1" 200 52
INFO 2025-07-30 14:44:51,007 basehttp 5164 25264 "GET /api/ouvrages/ HTTP/1.1" 200 52
INFO 2025-07-30 14:44:51,074 basehttp 5164 11928 "GET /api/fournitures/ HTTP/1.1" 200 52
INFO 2025-07-30 14:44:51,270 basehttp 5164 5612 "GET /api/ouvrages/ HTTP/1.1" 200 52
INFO 2025-07-30 14:44:51,930 basehttp 5164 1492 "GET /api/main-oeuvre/ HTTP/1.1" 200 418
INFO 2025-07-30 14:44:52,228 basehttp 5164 26180 "GET /api/main-oeuvre/ HTTP/1.1" 200 418
ERROR 2025-07-30 14:45:01,114 middleware 5164 13516 Library - UUID invalide reçu: 'cf22f06c-4134-4bf0-9fbd-8a00c04a6c8f,cf22f06c-4134-4bf0-9fbd-8a00c04a6c8f' (longueur: 73)
WARNING 2025-07-30 14:45:01,115 log 5164 13516 Bad Request: /api/main-oeuvre/1/
WARNING 2025-07-30 14:45:01,116 basehttp 5164 13516 "GET /api/main-oeuvre/1/ HTTP/1.1" 400 115
ERROR 2025-07-30 14:45:01,130 middleware 5164 24684 Library - UUID invalide reçu: 'cf22f06c-4134-4bf0-9fbd-8a00c04a6c8f,cf22f06c-4134-4bf0-9fbd-8a00c04a6c8f' (longueur: 73)
WARNING 2025-07-30 14:45:01,131 log 5164 24684 Bad Request: /api/main-oeuvre/1/
WARNING 2025-07-30 14:45:01,132 basehttp 5164 24684 "GET /api/main-oeuvre/1/ HTTP/1.1" 400 115
INFO 2025-07-30 14:48:03,227 autoreload 5164 13420 C:\Users\jean\Documents\projet\library-service\library\middleware.py changed, reloading.
INFO 2025-07-30 14:48:13,319 autoreload 1300 22236 Watching for file changes with StatReloader
INFO 2025-07-30 14:48:30,879 basehttp 1300 11876 "GET /api/main-oeuvre/1/ HTTP/1.1" 200 370
INFO 2025-07-30 14:48:31,411 basehttp 1300 27916 "GET /api/main-oeuvre/1/ HTTP/1.1" 200 370
INFO 2025-07-30 15:03:01,432 autoreload 12892 17248 Watching for file changes with StatReloader
INFO 2025-07-30 15:05:28,261 basehttp 12892 11196 "GET /api/main-oeuvre/1/ HTTP/1.1" 200 370
INFO 2025-07-30 15:05:28,289 basehttp 12892 27928 "GET /api/main-oeuvre/1/ HTTP/1.1" 200 370
INFO 2025-07-30 15:05:46,710 basehttp 12892 26500 "GET /api/fournitures/ HTTP/1.1" 200 52
INFO 2025-07-30 15:05:46,711 basehttp 12892 17012 "GET /api/ouvrages/ HTTP/1.1" 200 52
INFO 2025-07-30 15:05:46,722 basehttp 12892 27176 "GET /api/fournitures/ HTTP/1.1" 200 52
INFO 2025-07-30 15:05:47,324 basehttp 12892 27572 "GET /api/ouvrages/ HTTP/1.1" 200 52
INFO 2025-07-30 15:05:48,794 basehttp 12892 1184 "GET /api/main-oeuvre/ HTTP/1.1" 200 418
INFO 2025-07-30 15:05:48,898 basehttp 12892 8968 "GET /api/main-oeuvre/ HTTP/1.1" 200 418
INFO 2025-07-30 15:06:23,224 mixins 12892 10420 Library - Action: create, User: elvislex@live.fr, Tenant: ETAO
INFO 2025-07-30 15:06:23,355 basehttp 12892 10420 "POST /api/main-oeuvre/ HTTP/1.1" 201 367
INFO 2025-07-30 15:06:27,352 basehttp 12892 6240 "GET /api/main-oeuvre/2/ HTTP/1.1" 200 371
INFO 2025-07-30 15:06:27,452 basehttp 12892 10752 "GET /api/main-oeuvre/2/ HTTP/1.1" 200 371
INFO 2025-07-30 15:06:48,354 basehttp 12892 6336 "GET /api/ouvrages/ HTTP/1.1" 200 52
INFO 2025-07-30 15:06:48,550 basehttp 12892 21560 "GET /api/fournitures/ HTTP/1.1" 200 52
INFO 2025-07-30 15:06:48,586 basehttp 12892 9896 "GET /api/ouvrages/ HTTP/1.1" 200 52
INFO 2025-07-30 15:06:48,599 basehttp 12892 10388 "GET /api/fournitures/ HTTP/1.1" 200 52
INFO 2025-07-30 15:06:50,607 basehttp 12892 9368 "GET /api/main-oeuvre/ HTTP/1.1" 200 786
INFO 2025-07-30 15:06:50,652 basehttp 12892 18612 "GET /api/main-oeuvre/ HTTP/1.1" 200 786
WARNING 2025-07-30 15:09:44,308 log 12892 1772 Not Found: /api/library/main-oeuvre/1/
WARNING 2025-07-30 15:09:44,312 basehttp 12892 1772 "PATCH /api/library/main-oeuvre/1/ HTTP/1.1" 404 14654
WARNING 2025-07-30 15:10:00,382 log 12892 24212 Not Found: /api/library/main-oeuvre/1/
WARNING 2025-07-30 15:10:00,384 basehttp 12892 24212 "PATCH /api/library/main-oeuvre/1/ HTTP/1.1" 404 14654
INFO 2025-07-30 15:13:40,909 basehttp 12892 19548 "GET /api/fournitures/ HTTP/1.1" 200 52
INFO 2025-07-30 15:13:40,999 basehttp 12892 10328 "GET /api/ouvrages/ HTTP/1.1" 200 52
INFO 2025-07-30 15:13:41,009 basehttp 12892 21024 "GET /api/fournitures/ HTTP/1.1" 200 52
INFO 2025-07-30 15:13:41,077 basehttp 12892 10116 "GET /api/ouvrages/ HTTP/1.1" 200 52
INFO 2025-07-30 15:13:42,493 basehttp 12892 15004 "GET /api/main-oeuvre/ HTTP/1.1" 200 786
INFO 2025-07-30 15:13:43,076 basehttp 12892 27064 "GET /api/main-oeuvre/ HTTP/1.1" 200 786
INFO 2025-07-30 15:16:40,413 autoreload 12892 17248 C:\Users\jean\Documents\projet\library-service\library_service\settings.py changed, reloading.
INFO 2025-07-30 15:16:48,945 autoreload 11496 16076 Watching for file changes with StatReloader
INFO 2025-07-30 15:21:01,245 autoreload 26044 27176 Watching for file changes with StatReloader
INFO 2025-07-30 15:22:57,251 basehttp 26044 9960 "GET /api/fournitures/ HTTP/1.1" 200 52
INFO 2025-07-30 15:22:57,387 basehttp 26044 28036 "GET /api/ouvrages/ HTTP/1.1" 200 52
INFO 2025-07-30 15:22:57,554 basehttp 26044 25436 "GET /api/ouvrages/ HTTP/1.1" 200 52
INFO 2025-07-30 15:22:57,625 basehttp 26044 15008 "GET /api/fournitures/ HTTP/1.1" 200 52
INFO 2025-07-30 15:22:59,700 basehttp 26044 11208 "GET /api/main-oeuvre/ HTTP/1.1" 200 786
INFO 2025-07-30 15:23:00,044 basehttp 26044 28076 "GET /api/main-oeuvre/ HTTP/1.1" 200 786
INFO 2025-07-30 15:23:15,888 basehttp 26044 28200 "GET /api/main-oeuvre/1/ HTTP/1.1" 200 370
INFO 2025-07-30 15:23:15,950 basehttp 26044 7288 "GET /api/main-oeuvre/1/ HTTP/1.1" 200 370
INFO 2025-07-30 15:23:52,041 basehttp 26044 22616 "GET /api/fournitures/ HTTP/1.1" 200 52
INFO 2025-07-30 15:23:52,059 basehttp 26044 25972 "GET /api/ouvrages/ HTTP/1.1" 200 52
INFO 2025-07-30 15:23:52,060 basehttp 26044 22196 "GET /api/fournitures/ HTTP/1.1" 200 52
INFO 2025-07-30 15:23:52,837 basehttp 26044 23184 "GET /api/ouvrages/ HTTP/1.1" 200 52
INFO 2025-07-30 15:23:53,920 basehttp 26044 11708 "GET /api/main-oeuvre/ HTTP/1.1" 200 786
INFO 2025-07-30 15:23:54,185 basehttp 26044 28232 "GET /api/main-oeuvre/ HTTP/1.1" 200 786
INFO 2025-07-30 15:24:03,312 basehttp 26044 21724 "GET /api/main-oeuvre/2/ HTTP/1.1" 200 371
INFO 2025-07-30 15:24:03,545 basehttp 26044 9128 "GET /api/main-oeuvre/2/ HTTP/1.1" 200 371
INFO 2025-07-30 15:24:26,185 mixins 26044 17168 Library - Action: update, User: elvislex@live.fr, Tenant: ETAO
INFO 2025-07-30 15:24:26,319 basehttp 26044 17168 "PATCH /api/main-oeuvre/2/ HTTP/1.1" 200 374
INFO 2025-07-30 15:24:42,023 basehttp 26044 19544 "GET /api/ouvrages/ HTTP/1.1" 200 52
INFO 2025-07-30 15:24:42,339 basehttp 26044 27800 "GET /api/fournitures/ HTTP/1.1" 200 52
INFO 2025-07-30 15:24:42,378 basehttp 26044 24928 "GET /api/fournitures/ HTTP/1.1" 200 52
INFO 2025-07-30 15:24:42,492 basehttp 26044 25504 "GET /api/ouvrages/ HTTP/1.1" 200 52
INFO 2025-07-30 15:24:43,213 basehttp 26044 21512 "GET /api/main-oeuvre/ HTTP/1.1" 200 793
INFO 2025-07-30 15:24:43,801 basehttp 26044 18756 "GET /api/main-oeuvre/ HTTP/1.1" 200 793
WARNING 2025-07-30 15:24:56,006 log 26044 13984 Not Found: /api/library/main-oeuvre/2/
WARNING 2025-07-30 15:24:56,008 basehttp 26044 13984 "PATCH /api/library/main-oeuvre/2/ HTTP/1.1" 404 14654
INFO 2025-07-30 15:26:02,008 basehttp 26044 6660 "GET /api/main-oeuvre/2/ HTTP/1.1" 200 378
INFO 2025-07-30 15:26:02,050 basehttp 26044 27904 "GET /api/main-oeuvre/2/ HTTP/1.1" 200 378
INFO 2025-07-30 15:26:19,730 mixins 26044 24956 Library - Action: update, User: elvislex@live.fr, Tenant: ETAO
INFO 2025-07-30 15:26:19,854 basehttp 26044 24956 "PATCH /api/main-oeuvre/2/ HTTP/1.1" 200 365
INFO 2025-07-30 15:26:33,382 basehttp 26044 3524 "GET /api/fournitures/ HTTP/1.1" 200 52
INFO 2025-07-30 15:26:33,489 basehttp 26044 22804 "GET /api/ouvrages/ HTTP/1.1" 200 52
INFO 2025-07-30 15:26:33,560 basehttp 26044 27192 "GET /api/ouvrages/ HTTP/1.1" 200 52
INFO 2025-07-30 15:26:34,062 basehttp 26044 23680 "GET /api/fournitures/ HTTP/1.1" 200 52
INFO 2025-07-30 15:26:34,696 basehttp 26044 16608 "GET /api/main-oeuvre/ HTTP/1.1" 200 784
INFO 2025-07-30 15:26:36,438 basehttp 26044 10684 "GET /api/main-oeuvre/ HTTP/1.1" 200 784
INFO 2025-07-30 15:30:15,966 autoreload 20512 27524 Watching for file changes with StatReloader
INFO 2025-07-30 15:31:48,538 basehttp 20512 10072 "GET /api/fournitures/ HTTP/1.1" 200 52
INFO 2025-07-30 15:31:48,539 basehttp 20512 5312 "GET /api/fournitures/ HTTP/1.1" 200 52
INFO 2025-07-30 15:31:48,679 basehttp 20512 6236 "GET /api/ouvrages/ HTTP/1.1" 200 52
INFO 2025-07-30 15:31:48,706 basehttp 20512 26528 "GET /api/ouvrages/ HTTP/1.1" 200 52
INFO 2025-07-30 15:31:49,749 basehttp 20512 19692 "GET /api/main-oeuvre/ HTTP/1.1" 200 784
INFO 2025-07-30 15:31:50,115 basehttp 20512 8488 "GET /api/main-oeuvre/ HTTP/1.1" 200 784
INFO 2025-07-30 15:32:11,391 mixins 20512 28584 Library - Action: update, User: elvislex@live.fr, Tenant: ETAO
INFO 2025-07-30 15:32:11,511 basehttp 20512 28584 "PATCH /api/main-oeuvre/1/ HTTP/1.1" 200 376
INFO 2025-07-30 15:32:43,191 autoreload 10388 24568 Watching for file changes with StatReloader
INFO 2025-07-30 15:33:12,557 basehttp 10388 28208 "GET /api/main-oeuvre/2/ HTTP/1.1" 200 369
INFO 2025-07-30 15:33:12,603 basehttp 10388 3940 "GET /api/main-oeuvre/2/ HTTP/1.1" 200 369
INFO 2025-07-30 15:34:00,583 basehttp 10388 9776 "GET /api/ouvrages/ HTTP/1.1" 200 52
INFO 2025-07-30 15:34:00,740 basehttp 10388 28604 "GET /api/ouvrages/ HTTP/1.1" 200 52
INFO 2025-07-30 15:34:01,609 basehttp 10388 28408 "GET /api/fournitures/ HTTP/1.1" 200 52
INFO 2025-07-30 15:34:03,174 basehttp 10388 17752 "GET /api/main-oeuvre/ HTTP/1.1" 200 794
INFO 2025-07-30 15:34:03,930 basehttp 10388 23300 "GET /api/fournitures/ HTTP/1.1" 200 52
INFO 2025-07-30 15:34:05,263 basehttp 10388 1380 "GET /api/main-oeuvre/ HTTP/1.1" 200 794
INFO 2025-07-30 15:44:19,207 basehttp 10388 14900 "GET /api/fournitures/ HTTP/1.1" 200 52
INFO 2025-07-30 15:44:19,227 basehttp 10388 3240 "GET /api/ouvrages/ HTTP/1.1" 200 52
INFO 2025-07-30 15:44:19,257 basehttp 10388 1156 "GET /api/fournitures/ HTTP/1.1" 200 52
INFO 2025-07-30 15:44:19,302 basehttp 10388 20396 "GET /api/ouvrages/ HTTP/1.1" 200 52
INFO 2025-07-30 15:44:20,446 basehttp 10388 11108 "GET /api/main-oeuvre/ HTTP/1.1" 200 794
INFO 2025-07-30 15:44:20,674 basehttp 10388 7560 "GET /api/main-oeuvre/ HTTP/1.1" 200 794
INFO 2025-07-30 15:46:33,549 autoreload 15844 27588 Watching for file changes with StatReloader
INFO 2025-07-30 15:49:42,851 basehttp 15844 28584 "GET /api/fournitures/ HTTP/1.1" 200 52
INFO 2025-07-30 15:49:43,133 basehttp 15844 15860 "GET /api/fournitures/ HTTP/1.1" 200 52
INFO 2025-07-30 15:49:43,134 basehttp 15844 16668 "GET /api/ouvrages/ HTTP/1.1" 200 52
INFO 2025-07-30 15:49:43,495 basehttp 15844 19308 "GET /api/ouvrages/ HTTP/1.1" 200 52
INFO 2025-07-30 15:49:44,823 basehttp 15844 17208 "GET /api/main-oeuvre/ HTTP/1.1" 200 794
INFO 2025-07-30 15:49:44,824 basehttp 15844 12184 "GET /api/main-oeuvre/ HTTP/1.1" 200 794
INFO 2025-07-30 15:52:23,963 basehttp 15844 15588 "GET /api/fournitures/ HTTP/1.1" 200 52
INFO 2025-07-30 15:52:23,965 basehttp 15844 10280 "GET /api/fournitures/ HTTP/1.1" 200 52
INFO 2025-07-30 15:52:24,108 basehttp 15844 27768 "GET /api/ouvrages/ HTTP/1.1" 200 52
INFO 2025-07-30 15:52:24,404 basehttp 15844 7672 "GET /api/ouvrages/ HTTP/1.1" 200 52
INFO 2025-07-30 15:52:25,320 basehttp 15844 8332 "GET /api/main-oeuvre/ HTTP/1.1" 200 794
INFO 2025-07-30 15:52:25,564 basehttp 15844 10848 "GET /api/main-oeuvre/ HTTP/1.1" 200 794
INFO 2025-07-30 15:56:40,884 middleware 15844 26592 Library - Création contrôlée du tenant: 717aeaa9-68d9-4f77-9a24-9308d5bd77e9
INFO 2025-07-30 15:56:41,145 middleware 15844 28576 Library - Création contrôlée du tenant: 717aeaa9-68d9-4f77-9a24-9308d5bd77e9
INFO 2025-07-30 15:56:41,364 middleware 15844 23392 Library - Création contrôlée du tenant: 717aeaa9-68d9-4f77-9a24-9308d5bd77e9
INFO 2025-07-30 15:56:41,455 middleware 15844 26232 Library - Création contrôlée du tenant: 717aeaa9-68d9-4f77-9a24-9308d5bd77e9
INFO 2025-07-30 15:56:42,187 middleware 15844 9024 Library - Création contrôlée du tenant: 717aeaa9-68d9-4f77-9a24-9308d5bd77e9
INFO 2025-07-30 15:56:42,321 middleware 15844 12252 Library - Création contrôlée du tenant: 717aeaa9-68d9-4f77-9a24-9308d5bd77e9
INFO 2025-07-30 15:57:30,628 middleware 15844 26592 Library - Tenant créé: moolight (schema: tenant_moolight)
INFO 2025-07-30 15:57:30,816 basehttp 15844 26592 - Broken pipe from ('127.0.0.1', 61093)
INFO 2025-07-30 15:57:30,987 basehttp 15844 28576 - Broken pipe from ('127.0.0.1', 61101)
INFO 2025-07-30 15:57:31,032 basehttp 15844 12252 - Broken pipe from ('127.0.0.1', 61102)
INFO 2025-07-30 15:57:31,049 basehttp 15844 23392 - Broken pipe from ('127.0.0.1', 61103)
INFO 2025-07-30 15:57:31,065 basehttp 15844 26232 - Broken pipe from ('127.0.0.1', 61094)
INFO 2025-07-30 15:57:31,110 basehttp 15844 9024 - Broken pipe from ('127.0.0.1', 61104)
INFO 2025-07-30 15:58:25,707 mixins 15844 24612 Library - Action: create, User: ggeeegggeg@live.fr, Tenant: moolight
INFO 2025-07-30 15:58:25,839 basehttp 15844 24612 "POST /api/main-oeuvre/ HTTP/1.1" 201 342
INFO 2025-07-30 15:58:35,626 basehttp 15844 27204 "GET /api/main-oeuvre/1/ HTTP/1.1" 200 346
INFO 2025-07-30 15:58:35,752 basehttp 15844 23084 "GET /api/main-oeuvre/1/ HTTP/1.1" 200 346
INFO 2025-07-30 15:59:09,042 basehttp 15844 5704 "GET /api/fournitures/ HTTP/1.1" 200 52
INFO 2025-07-30 15:59:09,043 basehttp 15844 18648 "GET /api/ouvrages/ HTTP/1.1" 200 52
INFO 2025-07-30 15:59:09,070 basehttp 15844 27724 "GET /api/fournitures/ HTTP/1.1" 200 52
INFO 2025-07-30 15:59:09,326 basehttp 15844 28524 "GET /api/ouvrages/ HTTP/1.1" 200 52
INFO 2025-07-30 15:59:09,609 basehttp 15844 1380 "GET /api/main-oeuvre/ HTTP/1.1" 200 394
INFO 2025-07-30 15:59:09,833 basehttp 15844 23232 "GET /api/main-oeuvre/ HTTP/1.1" 200 394
INFO 2025-07-30 15:59:56,990 mixins 15844 25576 Library - Action: create, User: ggeeegggeg@live.fr, Tenant: moolight
INFO 2025-07-30 15:59:57,124 basehttp 15844 25576 "POST /api/main-oeuvre/ HTTP/1.1" 201 340
INFO 2025-07-30 16:00:23,674 basehttp 15844 9456 "GET /api/main-oeuvre/2/ HTTP/1.1" 200 344
INFO 2025-07-30 16:00:23,769 basehttp 15844 16592 "GET /api/main-oeuvre/2/ HTTP/1.1" 200 344
INFO 2025-07-30 16:00:46,096 mixins 15844 23948 Library - Action: update, User: ggeeegggeg@live.fr, Tenant: moolight
INFO 2025-07-30 16:00:46,552 basehttp 15844 23948 "PATCH /api/main-oeuvre/2/ HTTP/1.1" 200 341
INFO 2025-07-30 16:01:43,627 basehttp 15844 15200 "GET /api/fournitures/ HTTP/1.1" 200 52
INFO 2025-07-30 16:01:43,675 basehttp 15844 22240 "GET /api/fournitures/ HTTP/1.1" 200 52
INFO 2025-07-30 16:01:43,706 basehttp 15844 13492 "GET /api/ouvrages/ HTTP/1.1" 200 52
INFO 2025-07-30 16:01:44,542 basehttp 15844 12388 "GET /api/ouvrages/ HTTP/1.1" 200 52
INFO 2025-07-30 16:01:45,008 basehttp 15844 22916 "GET /api/main-oeuvre/ HTTP/1.1" 200 736
INFO 2025-07-30 16:01:45,386 basehttp 15844 27844 "GET /api/main-oeuvre/ HTTP/1.1" 200 736
INFO 2025-07-30 16:04:44,773 basehttp 15844 13292 "GET /api/ouvrages/ HTTP/1.1" 200 52
INFO 2025-07-30 16:04:44,791 basehttp 15844 8036 "GET /api/fournitures/ HTTP/1.1" 200 52
INFO 2025-07-30 16:04:44,834 basehttp 15844 6632 "GET /api/ouvrages/ HTTP/1.1" 200 52
INFO 2025-07-30 16:04:46,115 basehttp 15844 8660 "GET /api/main-oeuvre/ HTTP/1.1" 200 736
INFO 2025-07-30 16:04:46,191 basehttp 15844 3056 "GET /api/main-oeuvre/ HTTP/1.1" 200 736
INFO 2025-07-30 16:07:27,429 mixins 15844 3644 Library - Action: create, User: ggeeegggeg@live.fr, Tenant: moolight
INFO 2025-07-30 16:07:27,618 basehttp 15844 3644 "POST /api/main-oeuvre/ HTTP/1.1" 201 338
INFO 2025-07-30 16:07:45,986 basehttp 15844 20884 "GET /api/main-oeuvre/3/ HTTP/1.1" 200 342
INFO 2025-07-30 16:07:46,584 basehttp 15844 25412 "GET /api/main-oeuvre/3/ HTTP/1.1" 200 342
INFO 2025-07-30 16:08:21,066 basehttp 15844 27968 "GET /api/fournitures/ HTTP/1.1" 200 52
INFO 2025-07-30 16:08:21,242 basehttp 15844 23888 "GET /api/ouvrages/ HTTP/1.1" 200 52
INFO 2025-07-30 16:08:21,251 basehttp 15844 24692 "GET /api/ouvrages/ HTTP/1.1" 200 52
INFO 2025-07-30 16:08:22,236 basehttp 15844 16908 "GET /api/fournitures/ HTTP/1.1" 200 52
INFO 2025-07-30 16:08:23,071 basehttp 15844 26552 "GET /api/main-oeuvre/ HTTP/1.1" 200 1075
INFO 2025-07-30 16:08:24,509 basehttp 15844 18408 "GET /api/main-oeuvre/ HTTP/1.1" 200 1075
INFO 2025-07-30 16:18:18,979 basehttp 15844 21224 "GET /api/fournitures/ HTTP/1.1" 200 52
INFO 2025-07-30 16:18:19,306 basehttp 15844 16284 "GET /api/ouvrages/ HTTP/1.1" 200 52
INFO 2025-07-30 16:18:21,099 basehttp 15844 22948 "GET /api/main-oeuvre/ HTTP/1.1" 200 1075
INFO 2025-07-30 16:40:27,319 basehttp 15844 28640 "GET /api/fournitures/ HTTP/1.1" 200 52
INFO 2025-07-30 16:40:27,321 basehttp 15844 23300 "GET /api/fournitures/ HTTP/1.1" 200 52
INFO 2025-07-30 16:40:27,528 basehttp 15844 1352 "GET /api/ouvrages/ HTTP/1.1" 200 52
INFO 2025-07-30 16:40:27,549 basehttp 15844 21060 "GET /api/ouvrages/ HTTP/1.1" 200 52
INFO 2025-07-30 16:40:28,840 basehttp 15844 8780 "GET /api/main-oeuvre/ HTTP/1.1" 200 1075
INFO 2025-07-30 16:40:29,712 basehttp 15844 20296 "GET /api/main-oeuvre/ HTTP/1.1" 200 1075
INFO 2025-07-30 16:43:55,062 mixins 15844 6056 Library - Action: create, User: ggeeegggeg@live.fr, Tenant: moolight
INFO 2025-07-30 16:43:55,364 basehttp 15844 6056 "POST /api/main-oeuvre/ HTTP/1.1" 201 337
WARNING 2025-07-30 16:44:13,773 log 15844 27904 Not Found: /api/library/main-oeuvre/4/
WARNING 2025-07-30 16:44:13,795 basehttp 15844 27904 "GET /api/library/main-oeuvre/4/ HTTP/1.1" 404 14652
WARNING 2025-07-30 16:44:13,833 log 15844 19452 Not Found: /api/library/main-oeuvre/4/
WARNING 2025-07-30 16:44:13,835 basehttp 15844 19452 "GET /api/library/main-oeuvre/4/ HTTP/1.1" 404 14652
INFO 2025-07-30 19:45:03,110 basehttp 15844 20672 "GET /api/fournitures/ HTTP/1.1" 200 52
INFO 2025-07-30 19:45:03,137 basehttp 15844 27864 "GET /api/fournitures/ HTTP/1.1" 200 52
INFO 2025-07-30 19:45:03,827 basehttp 15844 11352 "GET /api/ouvrages/ HTTP/1.1" 200 52
INFO 2025-07-30 19:45:03,884 basehttp 15844 5548 "GET /api/ouvrages/ HTTP/1.1" 200 52
INFO 2025-07-30 19:45:05,279 basehttp 15844 28028 "GET /api/main-oeuvre/ HTTP/1.1" 200 794
INFO 2025-07-30 19:45:06,451 basehttp 15844 16680 "GET /api/main-oeuvre/ HTTP/1.1" 200 794
WARNING 2025-07-30 19:46:38,512 log 15844 28580 Not Found: /api/library/main-oeuvre/2/
WARNING 2025-07-30 19:46:38,516 basehttp 15844 28580 "GET /api/library/main-oeuvre/2/ HTTP/1.1" 404 14652
WARNING 2025-07-30 19:46:39,889 log 15844 26212 Not Found: /api/library/main-oeuvre/2/
WARNING 2025-07-30 19:46:39,890 basehttp 15844 26212 "GET /api/library/main-oeuvre/2/ HTTP/1.1" 404 14652
INFO 2025-07-30 20:04:32,099 basehttp 15844 14932 "GET /api/fournitures/ HTTP/1.1" 200 52
INFO 2025-07-30 20:04:32,095 basehttp 15844 26448 "GET /api/ouvrages/ HTTP/1.1" 200 52
INFO 2025-07-30 20:04:32,106 basehttp 15844 7288 "GET /api/ouvrages/ HTTP/1.1" 200 52
INFO 2025-07-30 20:04:32,107 basehttp 15844 3196 "GET /api/fournitures/ HTTP/1.1" 200 52
INFO 2025-07-30 20:04:33,444 basehttp 15844 1648 "GET /api/main-oeuvre/ HTTP/1.1" 200 794
INFO 2025-07-30 20:04:33,446 basehttp 15844 14972 "GET /api/main-oeuvre/ HTTP/1.1" 200 794
WARNING 2025-07-30 20:04:49,420 log 15844 12820 Not Found: /api/library/main-oeuvre/2/
WARNING 2025-07-30 20:04:49,424 basehttp 15844 12820 "GET /api/library/main-oeuvre/2/ HTTP/1.1" 404 14652
WARNING 2025-07-30 20:04:49,453 log 15844 10556 Not Found: /api/library/main-oeuvre/2/
WARNING 2025-07-30 20:04:49,463 basehttp 15844 10556 "GET /api/library/main-oeuvre/2/ HTTP/1.1" 404 14652
WARNING 2025-07-30 20:17:41,661 log 15844 28308 Not Found: /api/library/main-oeuvre/2/
WARNING 2025-07-30 20:17:41,666 basehttp 15844 28308 "GET /api/library/main-oeuvre/2/ HTTP/1.1" 404 14652
WARNING 2025-07-30 20:17:41,725 log 15844 19712 Not Found: /api/library/main-oeuvre/2/
WARNING 2025-07-30 20:17:41,727 basehttp 15844 19712 "GET /api/library/main-oeuvre/2/ HTTP/1.1" 404 14652
WARNING 2025-07-30 20:34:40,160 log 15844 15464 Not Found: /api/library/main-oeuvre/2/
WARNING 2025-07-30 20:34:40,166 basehttp 15844 15464 "GET /api/library/main-oeuvre/2/ HTTP/1.1" 404 14652
WARNING 2025-07-30 20:34:40,854 log 15844 22736 Not Found: /api/library/main-oeuvre/2/
WARNING 2025-07-30 20:34:40,856 basehttp 15844 22736 "GET /api/library/main-oeuvre/2/ HTTP/1.1" 404 14652
WARNING 2025-07-30 20:40:59,994 log 15844 24584 Not Found: /api/library/main-oeuvre/2/
WARNING 2025-07-30 20:40:59,999 basehttp 15844 24584 "GET /api/library/main-oeuvre/2/ HTTP/1.1" 404 14652
WARNING 2025-07-30 20:41:00,138 log 15844 25724 Not Found: /api/library/main-oeuvre/2/
WARNING 2025-07-30 20:41:00,140 basehttp 15844 25724 "GET /api/library/main-oeuvre/2/ HTTP/1.1" 404 14652
INFO 2025-07-30 20:41:26,141 basehttp 15844 3940 "GET /api/fournitures/ HTTP/1.1" 200 52
INFO 2025-07-30 20:41:26,296 basehttp 15844 23780 "GET /api/fournitures/ HTTP/1.1" 200 52
INFO 2025-07-30 20:41:26,307 basehttp 15844 8240 "GET /api/ouvrages/ HTTP/1.1" 200 52
INFO 2025-07-30 20:41:26,426 basehttp 15844 25960 "GET /api/ouvrages/ HTTP/1.1" 200 52
INFO 2025-07-30 20:41:27,537 basehttp 15844 17376 "GET /api/main-oeuvre/ HTTP/1.1" 200 794
INFO 2025-07-30 20:41:27,854 basehttp 15844 19668 "GET /api/main-oeuvre/ HTTP/1.1" 200 794
INFO 2025-07-30 20:42:13,807 basehttp 15844 27064 "GET /api/fournitures/ HTTP/1.1" 200 52
INFO 2025-07-30 20:42:14,962 basehttp 15844 22352 "GET /api/main-oeuvre/ HTTP/1.1" 200 794
INFO 2025-07-30 20:42:23,111 basehttp 15844 27120 "GET /api/ouvrages/ HTTP/1.1" 200 52
INFO 2025-07-30 20:42:26,625 basehttp 15844 18528 "GET /api/fournitures/ HTTP/1.1" 200 52
INFO 2025-07-30 20:42:26,838 basehttp 15844 27596 "GET /api/ouvrages/ HTTP/1.1" 200 52
INFO 2025-07-30 20:42:28,560 basehttp 15844 14944 "GET /api/main-oeuvre/ HTTP/1.1" 200 794
INFO 2025-07-30 21:23:06,292 basehttp 15844 15384 "GET /api/ouvrages/ HTTP/1.1" 200 52
INFO 2025-07-30 21:23:06,295 basehttp 15844 136 "GET /api/ouvrages/ HTTP/1.1" 200 52
INFO 2025-07-30 21:23:06,296 basehttp 15844 18528 "GET /api/fournitures/ HTTP/1.1" 200 52
INFO 2025-07-30 21:23:07,510 basehttp 15844 3000 "GET /api/fournitures/ HTTP/1.1" 200 52
INFO 2025-07-30 21:23:08,104 basehttp 15844 7716 "GET /api/main-oeuvre/ HTTP/1.1" 200 794
INFO 2025-07-30 21:23:08,303 basehttp 15844 15712 "GET /api/main-oeuvre/ HTTP/1.1" 200 794
WARNING 2025-07-30 21:23:23,745 log 15844 26884 Not Found: /api/library/main-oeuvre/2/
WARNING 2025-07-30 21:23:23,760 log 15844 14368 Not Found: /api/library/main-oeuvre/2/
WARNING 2025-07-30 21:23:23,760 basehttp 15844 26884 "GET /api/library/main-oeuvre/2/ HTTP/1.1" 404 14652
WARNING 2025-07-30 21:23:23,763 basehttp 15844 14368 "GET /api/library/main-oeuvre/2/ HTTP/1.1" 404 14652
INFO 2025-07-30 21:36:31,072 basehttp 15844 24072 "GET /api/ouvrages/ HTTP/1.1" 200 52
INFO 2025-07-30 21:36:31,181 basehttp 15844 28648 "GET /api/ouvrages/ HTTP/1.1" 200 52
INFO 2025-07-30 21:36:31,197 basehttp 15844 28316 "GET /api/fournitures/ HTTP/1.1" 200 52
INFO 2025-07-30 21:36:31,350 basehttp 15844 14676 "GET /api/fournitures/ HTTP/1.1" 200 52
INFO 2025-07-30 21:36:32,617 basehttp 15844 14944 "GET /api/main-oeuvre/ HTTP/1.1" 200 794
INFO 2025-07-30 21:36:33,355 basehttp 15844 6136 "GET /api/main-oeuvre/ HTTP/1.1" 200 794
WARNING 2025-07-30 21:36:42,398 log 15844 24184 Not Found: /api/library/main-oeuvre/2/
WARNING 2025-07-30 21:36:42,400 basehttp 15844 24184 "GET /api/library/main-oeuvre/2/ HTTP/1.1" 404 14652
WARNING 2025-07-30 21:36:42,674 log 15844 12456 Not Found: /api/library/main-oeuvre/2/
WARNING 2025-07-30 21:36:42,676 basehttp 15844 12456 "GET /api/library/main-oeuvre/2/ HTTP/1.1" 404 14652
WARNING 2025-07-30 21:43:31,605 log 15844 20632 Not Found: /api/library/main-oeuvre/2/
WARNING 2025-07-30 21:43:31,610 basehttp 15844 20632 "GET /api/library/main-oeuvre/2/ HTTP/1.1" 404 14652
WARNING 2025-07-30 21:43:31,717 log 15844 1940 Not Found: /api/library/main-oeuvre/2/
WARNING 2025-07-30 21:43:31,792 basehttp 15844 1940 "GET /api/library/main-oeuvre/2/ HTTP/1.1" 404 14652
INFO 2025-07-30 21:44:50,116 basehttp 15844 5788 "GET /api/fournitures/ HTTP/1.1" 200 52
INFO 2025-07-30 21:44:50,642 basehttp 15844 27240 "GET /api/ouvrages/ HTTP/1.1" 200 52
INFO 2025-07-30 21:44:50,761 basehttp 15844 16872 "GET /api/ouvrages/ HTTP/1.1" 200 52
INFO 2025-07-30 21:44:51,100 basehttp 15844 12388 "GET /api/fournitures/ HTTP/1.1" 200 52
INFO 2025-07-30 21:44:52,902 basehttp 15844 28504 "GET /api/main-oeuvre/ HTTP/1.1" 200 794
INFO 2025-07-30 21:44:53,210 basehttp 15844 21620 "GET /api/main-oeuvre/ HTTP/1.1" 200 794
WARNING 2025-07-30 21:45:03,566 log 15844 12252 Not Found: /api/library/main-oeuvre/1/
WARNING 2025-07-30 21:45:03,568 basehttp 15844 12252 "GET /api/library/main-oeuvre/1/ HTTP/1.1" 404 14652
WARNING 2025-07-30 21:45:03,900 log 15844 1552 Not Found: /api/library/main-oeuvre/1/
WARNING 2025-07-30 21:45:03,902 basehttp 15844 1552 "GET /api/library/main-oeuvre/1/ HTTP/1.1" 404 14652
INFO 2025-07-30 21:47:57,050 basehttp 15844 21144 "GET /api/fournitures/ HTTP/1.1" 200 52
INFO 2025-07-30 21:47:57,051 basehttp 15844 20700 "GET /api/fournitures/ HTTP/1.1" 200 52
INFO 2025-07-30 21:47:57,749 basehttp 15844 19872 "GET /api/ouvrages/ HTTP/1.1" 200 52
INFO 2025-07-30 21:47:57,858 basehttp 15844 27484 "GET /api/ouvrages/ HTTP/1.1" 200 52
INFO 2025-07-30 21:47:59,186 basehttp 15844 22540 "GET /api/main-oeuvre/ HTTP/1.1" 200 794
INFO 2025-07-30 21:47:59,353 basehttp 15844 19984 "GET /api/main-oeuvre/ HTTP/1.1" 200 794
WARNING 2025-07-30 21:48:06,677 log 15844 26808 Not Found: /api/library/main-oeuvre/1/
WARNING 2025-07-30 21:48:06,679 basehttp 15844 26808 "GET /api/library/main-oeuvre/1/ HTTP/1.1" 404 14652
WARNING 2025-07-30 21:48:06,719 log 15844 8112 Not Found: /api/library/main-oeuvre/1/
WARNING 2025-07-30 21:48:06,721 basehttp 15844 8112 "GET /api/library/main-oeuvre/1/ HTTP/1.1" 404 14652
INFO 2025-07-30 21:51:47,572 basehttp 15844 4960 "GET /api/fournitures/ HTTP/1.1" 200 52
INFO 2025-07-30 21:51:47,572 basehttp 15844 24948 "GET /api/fournitures/ HTTP/1.1" 200 52
INFO 2025-07-30 21:51:47,631 basehttp 15844 22928 "GET /api/ouvrages/ HTTP/1.1" 200 52
INFO 2025-07-30 21:51:47,656 basehttp 15844 28360 "GET /api/ouvrages/ HTTP/1.1" 200 52
INFO 2025-07-30 21:51:48,790 basehttp 15844 25336 "GET /api/main-oeuvre/ HTTP/1.1" 200 794
INFO 2025-07-30 21:51:48,933 basehttp 15844 20672 "GET /api/main-oeuvre/ HTTP/1.1" 200 794
WARNING 2025-07-30 21:51:55,199 log 15844 13468 Not Found: /api/library/main-oeuvre/1/
WARNING 2025-07-30 21:51:55,201 basehttp 15844 13468 "GET /api/library/main-oeuvre/1/ HTTP/1.1" 404 14652
WARNING 2025-07-30 21:51:55,302 log 15844 15456 Not Found: /api/library/main-oeuvre/1/
WARNING 2025-07-30 21:51:55,304 basehttp 15844 15456 "GET /api/library/main-oeuvre/1/ HTTP/1.1" 404 14652
INFO 2025-07-30 22:14:38,593 basehttp 15844 25720 "GET /api/ouvrages/ HTTP/1.1" 200 52
INFO 2025-07-30 22:14:38,763 basehttp 15844 11400 "GET /api/ouvrages/ HTTP/1.1" 200 52
INFO 2025-07-30 22:14:39,155 basehttp 15844 6600 "GET /api/fournitures/ HTTP/1.1" 200 52
INFO 2025-07-30 22:14:39,226 basehttp 15844 28352 "GET /api/fournitures/ HTTP/1.1" 200 52
INFO 2025-07-30 22:14:40,205 basehttp 15844 25416 "GET /api/main-oeuvre/ HTTP/1.1" 200 794
INFO 2025-07-30 22:14:40,530 basehttp 15844 23624 "GET /api/main-oeuvre/ HTTP/1.1" 200 794
WARNING 2025-07-30 22:15:51,675 log 15844 27448 Not Found: /api/library/main-oeuvre/1/
WARNING 2025-07-30 22:15:51,677 basehttp 15844 27448 "GET /api/library/main-oeuvre/1/ HTTP/1.1" 404 14652
WARNING 2025-07-30 22:15:51,945 log 15844 7876 Not Found: /api/library/main-oeuvre/1/
WARNING 2025-07-30 22:15:51,949 basehttp 15844 7876 "GET /api/library/main-oeuvre/1/ HTTP/1.1" 404 14652
INFO 2025-07-30 22:19:15,742 basehttp 15844 28192 "GET /api/fournitures/ HTTP/1.1" 200 52
INFO 2025-07-30 22:19:15,788 basehttp 15844 10816 "GET /api/ouvrages/ HTTP/1.1" 200 52
INFO 2025-07-30 22:19:15,925 basehttp 15844 28552 "GET /api/ouvrages/ HTTP/1.1" 200 52
INFO 2025-07-30 22:19:15,983 basehttp 15844 27916 "GET /api/fournitures/ HTTP/1.1" 200 52
INFO 2025-07-30 22:19:17,175 basehttp 15844 17504 "GET /api/main-oeuvre/ HTTP/1.1" 200 794
INFO 2025-07-30 22:19:17,301 basehttp 15844 2192 "GET /api/main-oeuvre/ HTTP/1.1" 200 794
WARNING 2025-07-30 22:19:27,153 log 15844 13396 Not Found: /api/library/main-oeuvre/1/
WARNING 2025-07-30 22:19:27,155 basehttp 15844 13396 "GET /api/library/main-oeuvre/1/ HTTP/1.1" 404 14652
WARNING 2025-07-30 22:19:27,305 log 15844 5404 Not Found: /api/library/main-oeuvre/1/
WARNING 2025-07-30 22:19:27,307 basehttp 15844 5404 "GET /api/library/main-oeuvre/1/ HTTP/1.1" 404 14652
WARNING 2025-07-30 22:23:03,722 log 15844 22120 Not Found: /api/library/main-oeuvre/1/
WARNING 2025-07-30 22:23:03,724 basehttp 15844 22120 "GET /api/library/main-oeuvre/1/ HTTP/1.1" 404 14652
WARNING 2025-07-30 22:23:03,780 log 15844 7764 Not Found: /api/library/main-oeuvre/1/
WARNING 2025-07-30 22:23:03,781 basehttp 15844 7764 "GET /api/library/main-oeuvre/1/ HTTP/1.1" 404 14652
WARNING 2025-07-30 22:45:28,947 log 15844 24392 Not Found: /api/library/main-oeuvre/1/
WARNING 2025-07-30 22:45:28,973 log 15844 25952 Not Found: /api/library/main-oeuvre/1/
WARNING 2025-07-30 22:45:28,975 basehttp 15844 24392 "GET /api/library/main-oeuvre/1/ HTTP/1.1" 404 14652
WARNING 2025-07-30 22:45:28,977 basehttp 15844 25952 "GET /api/library/main-oeuvre/1/ HTTP/1.1" 404 14652
INFO 2025-07-30 22:46:18,443 basehttp 15844 25908 "GET /api/fournitures/ HTTP/1.1" 200 52
INFO 2025-07-30 22:46:18,444 basehttp 15844 18716 "GET /api/fournitures/ HTTP/1.1" 200 52
INFO 2025-07-30 22:46:18,487 basehttp 15844 19932 "GET /api/ouvrages/ HTTP/1.1" 200 52
INFO 2025-07-30 22:46:18,580 basehttp 15844 4172 "GET /api/ouvrages/ HTTP/1.1" 200 52
INFO 2025-07-30 22:46:19,906 basehttp 15844 8096 "GET /api/main-oeuvre/ HTTP/1.1" 200 794
INFO 2025-07-30 22:46:20,115 basehttp 15844 14372 "GET /api/main-oeuvre/ HTTP/1.1" 200 794
INFO 2025-07-31 00:18:43,029 basehttp 15844 1656 "GET /api/fournitures/ HTTP/1.1" 200 52
INFO 2025-07-31 00:18:43,031 basehttp 15844 26968 "GET /api/ouvrages/ HTTP/1.1" 200 52
INFO 2025-07-31 00:18:43,032 basehttp 15844 24088 "GET /api/fournitures/ HTTP/1.1" 200 52
INFO 2025-07-31 00:18:43,364 basehttp 15844 27704 "GET /api/ouvrages/ HTTP/1.1" 200 52
INFO 2025-07-31 00:18:45,191 basehttp 15844 25284 "GET /api/main-oeuvre/ HTTP/1.1" 200 794
INFO 2025-07-31 00:18:45,257 basehttp 15844 9828 "GET /api/main-oeuvre/ HTTP/1.1" 200 794
WARNING 2025-07-31 00:19:18,023 log 15844 25248 Not Found: /api/library/main-oeuvre/1/
WARNING 2025-07-31 00:19:18,025 basehttp 15844 25248 "PATCH /api/library/main-oeuvre/1/ HTTP/1.1" 404 14654
INFO 2025-07-31 00:24:50,871 basehttp 15844 11476 "GET /api/ouvrages/ HTTP/1.1" 200 52
INFO 2025-07-31 00:24:50,950 basehttp 15844 21736 "GET /api/ouvrages/ HTTP/1.1" 200 52
INFO 2025-07-31 00:24:51,184 basehttp 15844 11908 "GET /api/fournitures/ HTTP/1.1" 200 52
INFO 2025-07-31 00:24:51,516 basehttp 15844 1756 "GET /api/fournitures/ HTTP/1.1" 200 52
INFO 2025-07-31 00:24:52,370 basehttp 15844 22152 "GET /api/main-oeuvre/ HTTP/1.1" 200 794
INFO 2025-07-31 00:24:52,377 basehttp 15844 18848 "GET /api/main-oeuvre/ HTTP/1.1" 200 794
WARNING 2025-07-31 00:25:22,605 log 15844 1568 Not Found: /api/library/main-oeuvre/1/
WARNING 2025-07-31 00:25:22,614 basehttp 15844 1568 "GET /api/library/main-oeuvre/1/ HTTP/1.1" 404 14652
WARNING 2025-07-31 00:25:23,068 log 15844 1444 Not Found: /api/library/main-oeuvre/1/
WARNING 2025-07-31 00:25:23,070 basehttp 15844 1444 "GET /api/library/main-oeuvre/1/ HTTP/1.1" 404 14652
INFO 2025-07-31 00:41:11,411 basehttp 15844 19340 "GET /api/fournitures/ HTTP/1.1" 200 52
INFO 2025-07-31 00:41:12,369 basehttp 15844 1180 "GET /api/ouvrages/ HTTP/1.1" 200 52
INFO 2025-07-31 00:41:12,528 basehttp 15844 20756 "GET /api/ouvrages/ HTTP/1.1" 200 52
INFO 2025-07-31 00:41:13,625 basehttp 15844 28220 "GET /api/fournitures/ HTTP/1.1" 200 52
INFO 2025-07-31 00:41:13,662 basehttp 15844 13428 "GET /api/main-oeuvre/ HTTP/1.1" 200 794
INFO 2025-07-31 00:41:15,109 basehttp 15844 22844 "GET /api/main-oeuvre/ HTTP/1.1" 200 794
INFO 2025-07-31 00:41:33,739 basehttp 15844 27184 "GET /api/main-oeuvre/1/ HTTP/1.1" 200 380
INFO 2025-07-31 00:41:35,490 basehttp 15844 18632 "GET /api/main-oeuvre/1/ HTTP/1.1" 200 380
INFO 2025-07-31 01:00:28,660 basehttp 15844 23044 "GET /api/ouvrages/ HTTP/1.1" 200 52
INFO 2025-07-31 01:00:28,660 basehttp 15844 6392 "GET /api/ouvrages/ HTTP/1.1" 200 52
INFO 2025-07-31 01:00:28,661 basehttp 15844 23896 "GET /api/fournitures/ HTTP/1.1" 200 52
INFO 2025-07-31 01:00:28,661 basehttp 15844 5476 "GET /api/fournitures/ HTTP/1.1" 200 52
INFO 2025-07-31 01:00:29,801 basehttp 15844 8548 "GET /api/main-oeuvre/ HTTP/1.1" 200 794
INFO 2025-07-31 01:00:30,162 basehttp 15844 27848 "GET /api/main-oeuvre/ HTTP/1.1" 200 794
INFO 2025-07-31 01:00:49,357 basehttp 15844 2244 "GET /api/main-oeuvre/2/ HTTP/1.1" 200 369
INFO 2025-07-31 01:00:49,373 basehttp 15844 15672 "GET /api/main-oeuvre/2/ HTTP/1.1" 200 369
INFO 2025-07-31 01:01:06,630 basehttp 15844 16244 "GET /api/ouvrages/ HTTP/1.1" 200 52
INFO 2025-07-31 01:01:06,860 basehttp 15844 28228 "GET /api/fournitures/ HTTP/1.1" 200 52
INFO 2025-07-31 01:01:06,898 basehttp 15844 27832 "GET /api/ouvrages/ HTTP/1.1" 200 52
INFO 2025-07-31 01:01:06,942 basehttp 15844 4572 "GET /api/fournitures/ HTTP/1.1" 200 52
INFO 2025-07-31 01:01:08,049 basehttp 15844 22052 "GET /api/main-oeuvre/ HTTP/1.1" 200 794
INFO 2025-07-31 01:01:08,067 basehttp 15844 14536 "GET /api/main-oeuvre/ HTTP/1.1" 200 794
INFO 2025-07-31 01:01:37,429 mixins 15844 10196 Library - Action: update, User: elvislex@live.fr, Tenant: ETAO
INFO 2025-07-31 01:01:37,610 basehttp 15844 10196 "PATCH /api/main-oeuvre/1/ HTTP/1.1" 200 367
INFO 2025-07-31 08:44:05,628 basehttp 15844 14412 "GET /api/ouvrages/ HTTP/1.1" 200 52
INFO 2025-07-31 08:44:05,695 basehttp 15844 9396 "GET /api/fournitures/ HTTP/1.1" 200 52
INFO 2025-07-31 08:44:05,771 basehttp 15844 28444 "GET /api/fournitures/ HTTP/1.1" 200 52
INFO 2025-07-31 08:44:06,035 basehttp 15844 6988 "GET /api/ouvrages/ HTTP/1.1" 200 52
INFO 2025-07-31 08:44:06,765 basehttp 15844 26440 "GET /api/main-oeuvre/ HTTP/1.1" 200 785
INFO 2025-07-31 08:44:07,098 basehttp 15844 2908 "GET /api/main-oeuvre/ HTTP/1.1" 200 785
INFO 2025-07-31 08:47:01,531 basehttp 15844 19156 "GET /api/main-oeuvre/2/ HTTP/1.1" 200 369
INFO 2025-07-31 08:47:01,561 basehttp 15844 21308 "GET /api/main-oeuvre/2/ HTTP/1.1" 200 369
INFO 2025-07-31 08:56:04,240 basehttp 15844 11472 "GET /api/fournitures/ HTTP/1.1" 200 52
INFO 2025-07-31 08:56:04,243 basehttp 15844 12188 "GET /api/ouvrages/ HTTP/1.1" 200 52
INFO 2025-07-31 08:56:04,243 basehttp 15844 19996 "GET /api/fournitures/ HTTP/1.1" 200 52
INFO 2025-07-31 08:56:04,262 basehttp 15844 22380 "GET /api/ouvrages/ HTTP/1.1" 200 52
INFO 2025-07-31 08:56:05,439 basehttp 15844 18264 "GET /api/main-oeuvre/ HTTP/1.1" 200 785
INFO 2025-07-31 08:56:05,504 basehttp 15844 22300 "GET /api/main-oeuvre/ HTTP/1.1" 200 785
INFO 2025-07-31 08:56:12,566 basehttp 15844 8940 "GET /api/main-oeuvre/2/ HTTP/1.1" 200 369
INFO 2025-07-31 08:56:12,587 basehttp 15844 6616 "GET /api/main-oeuvre/2/ HTTP/1.1" 200 369
INFO 2025-07-31 08:56:28,222 basehttp 15844 22912 "GET /api/fournitures/ HTTP/1.1" 200 52
INFO 2025-07-31 08:56:28,481 basehttp 15844 1488 "GET /api/ouvrages/ HTTP/1.1" 200 52
INFO 2025-07-31 08:56:28,502 basehttp 15844 17212 "GET /api/fournitures/ HTTP/1.1" 200 52
INFO 2025-07-31 08:56:28,538 basehttp 15844 12820 "GET /api/ouvrages/ HTTP/1.1" 200 52
INFO 2025-07-31 08:56:29,650 basehttp 15844 28476 "GET /api/main-oeuvre/ HTTP/1.1" 200 785
INFO 2025-07-31 08:56:29,710 basehttp 15844 19696 "GET /api/main-oeuvre/ HTTP/1.1" 200 785
INFO 2025-07-31 08:58:31,847 basehttp 15844 24200 "GET /api/main-oeuvre/1/ HTTP/1.1" 200 371
INFO 2025-07-31 08:58:31,881 basehttp 15844 27816 "GET /api/main-oeuvre/1/ HTTP/1.1" 200 371
INFO 2025-07-31 08:58:40,690 mixins 15844 5200 Library - Action: update, User: elvislex@live.fr, Tenant: ETAO
INFO 2025-07-31 08:58:40,822 basehttp 15844 5200 "PATCH /api/main-oeuvre/1/ HTTP/1.1" 200 360
INFO 2025-07-31 08:58:54,314 basehttp 15844 22616 "GET /api/fournitures/ HTTP/1.1" 200 52
INFO 2025-07-31 08:58:54,545 basehttp 15844 24916 "GET /api/fournitures/ HTTP/1.1" 200 52
INFO 2025-07-31 08:58:54,564 basehttp 15844 20832 "GET /api/ouvrages/ HTTP/1.1" 200 52
INFO 2025-07-31 08:58:54,602 basehttp 15844 26060 "GET /api/ouvrages/ HTTP/1.1" 200 52
INFO 2025-07-31 08:58:55,898 basehttp 15844 20340 "GET /api/main-oeuvre/ HTTP/1.1" 200 778
INFO 2025-07-31 08:58:55,919 basehttp 15844 1636 "GET /api/main-oeuvre/ HTTP/1.1" 200 778
INFO 2025-07-31 09:01:17,510 mixins 15844 12000 Library - Action: update, User: elvislex@live.fr, Tenant: ETAO
INFO 2025-07-31 09:01:17,623 basehttp 15844 12000 "PATCH /api/main-oeuvre/1/ HTTP/1.1" 200 358
INFO 2025-07-31 09:14:01,072 basehttp 15844 15624 "GET /api/ouvrages/ HTTP/1.1" 200 52
INFO 2025-07-31 09:14:01,073 basehttp 15844 14532 "GET /api/fournitures/ HTTP/1.1" 200 52
INFO 2025-07-31 09:14:01,074 basehttp 15844 26632 "GET /api/ouvrages/ HTTP/1.1" 200 52
INFO 2025-07-31 09:14:01,436 basehttp 15844 23856 "GET /api/fournitures/ HTTP/1.1" 200 52
INFO 2025-07-31 09:14:02,337 basehttp 15844 20824 "GET /api/main-oeuvre/ HTTP/1.1" 200 776
INFO 2025-07-31 09:14:02,345 basehttp 15844 1676 "GET /api/main-oeuvre/ HTTP/1.1" 200 776
INFO 2025-07-31 09:20:58,087 basehttp 15844 16964 "GET /api/fournitures/ HTTP/1.1" 200 52
INFO 2025-07-31 09:20:58,089 basehttp 15844 26228 "GET /api/ouvrages/ HTTP/1.1" 200 52
INFO 2025-07-31 09:20:58,112 basehttp 15844 8956 "GET /api/fournitures/ HTTP/1.1" 200 52
INFO 2025-07-31 09:20:58,231 basehttp 15844 26320 "GET /api/ouvrages/ HTTP/1.1" 200 52
INFO 2025-07-31 09:20:59,369 basehttp 15844 28636 "GET /api/main-oeuvre/ HTTP/1.1" 200 776
INFO 2025-07-31 09:20:59,386 basehttp 15844 14192 "GET /api/main-oeuvre/ HTTP/1.1" 200 776
INFO 2025-07-31 09:21:15,618 basehttp 15844 17344 "GET /api/main-oeuvre/1/ HTTP/1.1" 200 362
INFO 2025-07-31 09:21:15,731 basehttp 15844 12312 "GET /api/main-oeuvre/1/ HTTP/1.1" 200 362
INFO 2025-07-31 09:21:28,973 basehttp 15844 7940 "GET /api/fournitures/ HTTP/1.1" 200 52
INFO 2025-07-31 09:21:28,973 basehttp 15844 1708 "GET /api/fournitures/ HTTP/1.1" 200 52
INFO 2025-07-31 09:21:29,026 basehttp 15844 19272 "GET /api/ouvrages/ HTTP/1.1" 200 52
INFO 2025-07-31 09:21:29,241 basehttp 15844 22096 "GET /api/ouvrages/ HTTP/1.1" 200 52
INFO 2025-07-31 09:21:30,646 basehttp 15844 22808 "GET /api/main-oeuvre/ HTTP/1.1" 200 776
INFO 2025-07-31 09:21:31,176 basehttp 15844 26956 "GET /api/main-oeuvre/ HTTP/1.1" 200 776
INFO 2025-07-31 09:22:06,297 mixins 15844 18336 Library - Action: create, User: elvislex@live.fr, Tenant: ETAO
INFO 2025-07-31 09:22:06,452 basehttp 15844 18336 "POST /api/fournitures/ HTTP/1.1" 201 475
INFO 2025-07-31 09:22:13,320 basehttp 15844 10676 "GET /api/fournitures/1/ HTTP/1.1" 200 479
INFO 2025-07-31 09:22:13,530 basehttp 15844 28184 "GET /api/fournitures/1/ HTTP/1.1" 200 479
INFO 2025-07-31 09:22:32,348 basehttp 15844 25308 "GET /api/ouvrages/ HTTP/1.1" 200 52
INFO 2025-07-31 09:22:32,355 basehttp 15844 19412 "GET /api/ouvrages/ HTTP/1.1" 200 52
INFO 2025-07-31 09:22:33,266 basehttp 15844 28036 "GET /api/fournitures/ HTTP/1.1" 200 527
INFO 2025-07-31 09:22:33,356 basehttp 15844 26808 "GET /api/fournitures/ HTTP/1.1" 200 527
INFO 2025-07-31 09:22:33,598 basehttp 15844 23644 "GET /api/main-oeuvre/ HTTP/1.1" 200 776
INFO 2025-07-31 09:22:33,644 basehttp 15844 26956 "GET /api/main-oeuvre/ HTTP/1.1" 200 776
INFO 2025-07-31 09:24:26,844 basehttp 15844 22380 "GET /api/fournitures/1/ HTTP/1.1" 200 479
INFO 2025-07-31 09:24:26,933 basehttp 15844 25180 "GET /api/fournitures/1/ HTTP/1.1" 200 479
INFO 2025-07-31 09:24:33,428 mixins 15844 10900 Library - Action: delete, User: elvislex@live.fr, Tenant: ETAO
INFO 2025-07-31 09:24:33,634 basehttp 15844 10900 "DELETE /api/fournitures/1/ HTTP/1.1" 204 0
INFO 2025-07-31 09:24:46,730 basehttp 15844 18336 "GET /api/fournitures/ HTTP/1.1" 200 52
INFO 2025-07-31 09:24:46,847 basehttp 15844 1772 "GET /api/ouvrages/ HTTP/1.1" 200 52
INFO 2025-07-31 09:24:46,883 basehttp 15844 16976 "GET /api/fournitures/ HTTP/1.1" 200 52
INFO 2025-07-31 09:24:46,956 basehttp 15844 10856 "GET /api/ouvrages/ HTTP/1.1" 200 52
INFO 2025-07-31 09:24:48,019 basehttp 15844 27800 "GET /api/main-oeuvre/ HTTP/1.1" 200 776
INFO 2025-07-31 09:24:48,101 basehttp 15844 14920 "GET /api/main-oeuvre/ HTTP/1.1" 200 776
INFO 2025-07-31 09:25:04,763 basehttp 15844 26280 "GET /api/main-oeuvre/2/ HTTP/1.1" 200 369
INFO 2025-07-31 09:25:04,943 basehttp 15844 8992 "GET /api/main-oeuvre/2/ HTTP/1.1" 200 369
INFO 2025-07-31 09:25:23,139 mixins 15844 15144 Library - Action: delete, User: elvislex@live.fr, Tenant: ETAO
INFO 2025-07-31 09:25:23,326 basehttp 15844 15144 "DELETE /api/main-oeuvre/2/ HTTP/1.1" 204 0
INFO 2025-07-31 09:25:32,795 basehttp 15844 7596 "GET /api/fournitures/ HTTP/1.1" 200 52
INFO 2025-07-31 09:25:32,951 basehttp 15844 1464 "GET /api/ouvrages/ HTTP/1.1" 200 52
INFO 2025-07-31 09:25:33,066 basehttp 15844 13284 "GET /api/ouvrages/ HTTP/1.1" 200 52
INFO 2025-07-31 09:25:33,067 basehttp 15844 22876 "GET /api/fournitures/ HTTP/1.1" 200 52
INFO 2025-07-31 09:25:33,699 basehttp 15844 17032 "GET /api/main-oeuvre/ HTTP/1.1" 200 410
INFO 2025-07-31 09:25:33,852 basehttp 15844 26224 "GET /api/main-oeuvre/ HTTP/1.1" 200 410
INFO 2025-07-31 09:27:34,013 basehttp 15844 3196 "GET /api/fournitures/ HTTP/1.1" 200 52
INFO 2025-07-31 09:27:34,123 basehttp 15844 7740 "GET /api/fournitures/ HTTP/1.1" 200 52
INFO 2025-07-31 09:27:34,186 basehttp 15844 26364 "GET /api/ouvrages/ HTTP/1.1" 200 52
INFO 2025-07-31 09:27:34,187 basehttp 15844 12696 "GET /api/ouvrages/ HTTP/1.1" 200 52
INFO 2025-07-31 09:27:34,580 basehttp 15844 26452 "GET /api/main-oeuvre/ HTTP/1.1" 200 410
INFO 2025-07-31 09:27:34,835 basehttp 15844 22808 "GET /api/main-oeuvre/ HTTP/1.1" 200 410
INFO 2025-07-31 09:44:24,716 basehttp 15844 10928 "GET /api/fournitures/ HTTP/1.1" 200 52
INFO 2025-07-31 09:44:24,724 basehttp 15844 26024 "GET /api/fournitures/ HTTP/1.1" 200 52
INFO 2025-07-31 09:44:24,725 basehttp 15844 7972 "GET /api/ouvrages/ HTTP/1.1" 200 52
INFO 2025-07-31 09:44:24,729 basehttp 15844 24344 "GET /api/ouvrages/ HTTP/1.1" 200 52
INFO 2025-07-31 09:44:25,417 basehttp 15844 12108 "GET /api/main-oeuvre/ HTTP/1.1" 200 410
INFO 2025-07-31 09:44:25,429 basehttp 15844 15224 "GET /api/main-oeuvre/ HTTP/1.1" 200 410
INFO 2025-07-31 09:46:06,888 mixins 15844 4280 Library - Action: create, User: elvislex@live.fr, Tenant: ETAO
INFO 2025-07-31 09:46:07,621 basehttp 15844 4280 "POST /api/ouvrages/ HTTP/1.1" 201 541
INFO 2025-07-31 09:52:53,827 basehttp 15844 20916 "GET /api/fournitures/ HTTP/1.1" 200 52
INFO 2025-07-31 09:52:53,828 basehttp 15844 1092 "GET /api/fournitures/ HTTP/1.1" 200 52
INFO 2025-07-31 09:52:54,487 basehttp 15844 28320 "GET /api/main-oeuvre/ HTTP/1.1" 200 410
INFO 2025-07-31 09:52:54,946 basehttp 15844 26008 "GET /api/main-oeuvre/ HTTP/1.1" 200 410
INFO 2025-07-31 09:52:55,289 basehttp 15844 21180 "GET /api/ouvrages/ HTTP/1.1" 200 593
INFO 2025-07-31 09:52:55,388 basehttp 15844 13292 "GET /api/ouvrages/ HTTP/1.1" 200 593
INFO 2025-07-31 09:53:40,003 mixins 15844 13964 Library - Action: create, User: elvislex@live.fr, Tenant: ETAO
INFO 2025-07-31 09:53:40,137 basehttp 15844 13964 "POST /api/fournitures/ HTTP/1.1" 201 476
INFO 2025-07-31 09:53:47,488 basehttp 15844 28644 "GET /api/fournitures/2/ HTTP/1.1" 200 480
INFO 2025-07-31 09:53:48,062 basehttp 15844 28320 "GET /api/fournitures/2/ HTTP/1.1" 200 480
INFO 2025-07-31 09:54:03,907 basehttp 15844 27828 "GET /api/fournitures/ HTTP/1.1" 200 528
INFO 2025-07-31 09:54:04,083 basehttp 15844 7672 "GET /api/fournitures/ HTTP/1.1" 200 528
INFO 2025-07-31 09:54:04,149 basehttp 15844 9956 "GET /api/main-oeuvre/ HTTP/1.1" 200 410
INFO 2025-07-31 09:54:04,295 basehttp 15844 23368 "GET /api/main-oeuvre/ HTTP/1.1" 200 410
INFO 2025-07-31 09:54:04,979 basehttp 15844 20888 "GET /api/ouvrages/ HTTP/1.1" 200 593
INFO 2025-07-31 09:54:05,021 basehttp 15844 17988 "GET /api/ouvrages/ HTTP/1.1" 200 593
INFO 2025-07-31 09:54:48,494 mixins 15844 26984 Library - Action: create, User: elvislex@live.fr, Tenant: ETAO
INFO 2025-07-31 09:54:49,026 basehttp 15844 26984 "POST /api/ouvrages/ HTTP/1.1" 201 540
INFO 2025-07-31 09:54:55,369 basehttp 15844 4680 "GET /api/ouvrages/2/ HTTP/1.1" 200 561
INFO 2025-07-31 09:54:55,409 basehttp 15844 26396 "GET /api/ouvrages/2/ HTTP/1.1" 200 561
INFO 2025-07-31 09:55:22,426 basehttp 15844 552 "GET /api/main-oeuvre/ HTTP/1.1" 200 410
INFO 2025-07-31 09:55:22,530 basehttp 15844 28356 "GET /api/main-oeuvre/ HTTP/1.1" 200 410
INFO 2025-07-31 09:55:22,743 basehttp 15844 1780 "GET /api/fournitures/ HTTP/1.1" 200 528
INFO 2025-07-31 09:55:22,759 basehttp 15844 28592 "GET /api/fournitures/ HTTP/1.1" 200 528
INFO 2025-07-31 09:55:24,255 basehttp 15844 28496 "GET /api/ouvrages/ HTTP/1.1" 200 1134
INFO 2025-07-31 09:55:24,849 basehttp 15844 24464 "GET /api/ouvrages/ HTTP/1.1" 200 1134
INFO 2025-07-31 10:01:14,629 basehttp 15844 10056 "GET /api/main-oeuvre/ HTTP/1.1" 200 410
INFO 2025-07-31 10:01:14,702 basehttp 15844 28660 "GET /api/main-oeuvre/ HTTP/1.1" 200 410
INFO 2025-07-31 10:01:14,902 basehttp 15844 21544 "GET /api/fournitures/ HTTP/1.1" 200 528
INFO 2025-07-31 10:01:15,024 basehttp 15844 23212 "GET /api/fournitures/ HTTP/1.1" 200 528
INFO 2025-07-31 10:01:17,079 basehttp 15844 23280 "GET /api/ouvrages/ HTTP/1.1" 200 1134
INFO 2025-07-31 10:01:17,232 basehttp 15844 23856 "GET /api/ouvrages/ HTTP/1.1" 200 1134
INFO 2025-07-31 10:01:39,133 basehttp 15844 18512 "GET /api/main-oeuvre/ HTTP/1.1" 200 410
INFO 2025-07-31 10:01:39,233 basehttp 15844 26688 "GET /api/fournitures/ HTTP/1.1" 200 528
INFO 2025-07-31 10:01:39,253 basehttp 15844 17056 "GET /api/main-oeuvre/ HTTP/1.1" 200 410
INFO 2025-07-31 10:01:39,317 basehttp 15844 27984 "GET /api/fournitures/ HTTP/1.1" 200 528
INFO 2025-07-31 10:01:41,202 basehttp 15844 14568 "GET /api/ouvrages/ HTTP/1.1" 200 1134
INFO 2025-07-31 10:01:41,425 basehttp 15844 28256 "GET /api/ouvrages/ HTTP/1.1" 200 1134
INFO 2025-07-31 10:06:06,336 basehttp 15844 14536 "GET /api/main-oeuvre/ HTTP/1.1" 200 410
INFO 2025-07-31 10:06:06,400 basehttp 15844 10196 "GET /api/main-oeuvre/ HTTP/1.1" 200 410
INFO 2025-07-31 10:06:06,456 basehttp 15844 26280 "GET /api/fournitures/ HTTP/1.1" 200 528
INFO 2025-07-31 10:06:06,923 basehttp 15844 15088 "GET /api/fournitures/ HTTP/1.1" 200 528
INFO 2025-07-31 10:06:08,489 basehttp 15844 23452 "GET /api/ouvrages/ HTTP/1.1" 200 1134
INFO 2025-07-31 10:06:08,617 basehttp 15844 1660 "GET /api/ouvrages/ HTTP/1.1" 200 1134
INFO 2025-07-31 10:08:55,721 basehttp 15844 28100 "GET /api/fournitures/ HTTP/1.1" 200 528
INFO 2025-07-31 10:08:55,813 basehttp 15844 14536 "GET /api/main-oeuvre/ HTTP/1.1" 200 410
INFO 2025-07-31 10:08:55,870 basehttp 15844 25316 "GET /api/fournitures/ HTTP/1.1" 200 528
INFO 2025-07-31 10:08:56,058 basehttp 15844 10196 "GET /api/main-oeuvre/ HTTP/1.1" 200 410
INFO 2025-07-31 10:08:57,350 basehttp 15844 6516 "GET /api/ouvrages/ HTTP/1.1" 200 1134
INFO 2025-07-31 10:08:57,363 basehttp 15844 15088 "GET /api/ouvrages/ HTTP/1.1" 200 1134
INFO 2025-07-31 10:14:46,630 autoreload 20396 18568 Watching for file changes with StatReloader
INFO 2025-07-31 10:15:28,075 basehttp 20396 4312 "GET /api/main-oeuvre/ HTTP/1.1" 200 410
INFO 2025-07-31 10:15:28,076 basehttp 20396 25964 "GET /api/fournitures/ HTTP/1.1" 200 528
INFO 2025-07-31 10:15:28,077 basehttp 20396 1228 "GET /api/main-oeuvre/ HTTP/1.1" 200 410
INFO 2025-07-31 10:15:28,215 basehttp 20396 20032 "GET /api/fournitures/ HTTP/1.1" 200 528
INFO 2025-07-31 10:15:30,186 basehttp 20396 26820 "GET /api/ouvrages/ HTTP/1.1" 200 1134
INFO 2025-07-31 10:27:06,999 basehttp 20396 6300 "GET /api/main-oeuvre/ HTTP/1.1" 200 410
INFO 2025-07-31 10:27:07,090 basehttp 20396 3572 "GET /api/main-oeuvre/ HTTP/1.1" 200 410
INFO 2025-07-31 10:27:07,091 basehttp 20396 20608 "GET /api/fournitures/ HTTP/1.1" 200 528
INFO 2025-07-31 10:27:07,178 basehttp 20396 10300 "GET /api/fournitures/ HTTP/1.1" 200 528
INFO 2025-07-31 10:27:09,211 basehttp 20396 15576 "GET /api/ouvrages/ HTTP/1.1" 200 1134
INFO 2025-07-31 10:27:09,612 basehttp 20396 15660 "GET /api/ouvrages/ HTTP/1.1" 200 1134
INFO 2025-07-31 10:27:53,490 basehttp 20396 26456 "GET /api/fournitures/2/ HTTP/1.1" 200 480
INFO 2025-07-31 10:27:53,503 basehttp 20396 4112 "GET /api/fournitures/2/ HTTP/1.1" 200 480
INFO 2025-07-31 10:28:11,577 mixins 20396 24028 Library - Action: update, User: elvislex@live.fr, Tenant: ETAO
INFO 2025-07-31 10:28:11,757 basehttp 20396 24028 "PATCH /api/fournitures/2/ HTTP/1.1" 200 463
INFO 2025-07-31 10:28:53,605 basehttp 20396 15684 "GET /api/main-oeuvre/ HTTP/1.1" 200 410
INFO 2025-07-31 10:28:53,771 basehttp 20396 20576 "GET /api/fournitures/ HTTP/1.1" 200 515
INFO 2025-07-31 10:28:54,330 basehttp 20396 4616 "GET /api/main-oeuvre/ HTTP/1.1" 200 410
INFO 2025-07-31 10:28:54,359 basehttp 20396 16500 "GET /api/fournitures/ HTTP/1.1" 200 515
INFO 2025-07-31 10:28:56,058 basehttp 20396 22576 "GET /api/ouvrages/ HTTP/1.1" 200 1134
INFO 2025-07-31 10:28:56,209 basehttp 20396 23516 "GET /api/ouvrages/ HTTP/1.1" 200 1134
INFO 2025-07-31 10:29:29,142 basehttp 20396 15848 "GET /api/fournitures/ HTTP/1.1" 200 515
INFO 2025-07-31 10:29:29,506 basehttp 20396 28588 "GET /api/main-oeuvre/ HTTP/1.1" 200 410
INFO 2025-07-31 10:29:29,549 basehttp 20396 15172 "GET /api/main-oeuvre/ HTTP/1.1" 200 410
INFO 2025-07-31 10:29:30,538 basehttp 20396 9404 "GET /api/fournitures/ HTTP/1.1" 200 515
INFO 2025-07-31 10:29:31,810 basehttp 20396 18808 "GET /api/ouvrages/ HTTP/1.1" 200 1134
INFO 2025-07-31 10:29:32,012 basehttp 20396 26244 "GET /api/ouvrages/ HTTP/1.1" 200 1134
INFO 2025-07-31 10:32:07,693 basehttp 20396 23044 "GET /api/main-oeuvre/ HTTP/1.1" 200 410
INFO 2025-07-31 10:32:07,780 basehttp 20396 20224 "GET /api/fournitures/ HTTP/1.1" 200 515
INFO 2025-07-31 10:32:07,959 basehttp 20396 20924 "GET /api/main-oeuvre/ HTTP/1.1" 200 410
INFO 2025-07-31 10:32:08,240 basehttp 20396 15508 "GET /api/fournitures/ HTTP/1.1" 200 515
INFO 2025-07-31 10:32:10,515 basehttp 20396 6900 "GET /api/ouvrages/ HTTP/1.1" 200 1134
INFO 2025-07-31 10:32:10,572 basehttp 20396 8996 "GET /api/ouvrages/ HTTP/1.1" 200 1134
INFO 2025-07-31 10:32:39,998 basehttp 20396 11096 "GET /api/ouvrages/2/ HTTP/1.1" 200 561
INFO 2025-07-31 10:32:39,999 basehttp 20396 8056 "GET /api/ouvrages/2/ HTTP/1.1" 200 561
INFO 2025-07-31 10:32:40,512 basehttp 20396 3780 "GET /api/main-oeuvre/ HTTP/1.1" 200 410
INFO 2025-07-31 10:32:40,695 basehttp 20396 16892 "GET /api/fournitures/ HTTP/1.1" 200 515
INFO 2025-07-31 10:32:42,487 basehttp 20396 16040 "GET /api/ouvrages/ HTTP/1.1" 200 1134
INFO 2025-07-31 10:34:02,302 basehttp 20396 1516 "GET /api/main-oeuvre/ HTTP/1.1" 200 410
INFO 2025-07-31 10:34:02,436 basehttp 20396 4836 "GET /api/main-oeuvre/ HTTP/1.1" 200 410
INFO 2025-07-31 10:34:02,633 basehttp 20396 19984 "GET /api/fournitures/ HTTP/1.1" 200 515
INFO 2025-07-31 10:34:02,997 basehttp 20396 27832 "GET /api/fournitures/ HTTP/1.1" 200 515
INFO 2025-07-31 10:34:04,752 basehttp 20396 27572 "GET /api/ouvrages/ HTTP/1.1" 200 1134
INFO 2025-07-31 10:34:05,087 basehttp 20396 1656 "GET /api/ouvrages/ HTTP/1.1" 200 1134
INFO 2025-07-31 10:37:53,261 basehttp 20396 22672 "GET /api/main-oeuvre/ HTTP/1.1" 200 410
INFO 2025-07-31 10:37:53,333 basehttp 20396 27548 "GET /api/main-oeuvre/ HTTP/1.1" 200 410
INFO 2025-07-31 10:37:53,358 basehttp 20396 28184 "GET /api/fournitures/ HTTP/1.1" 200 515
INFO 2025-07-31 10:37:53,560 basehttp 20396 24724 "GET /api/fournitures/ HTTP/1.1" 200 515
INFO 2025-07-31 10:37:55,530 basehttp 20396 15808 "GET /api/ouvrages/ HTTP/1.1" 200 1134
INFO 2025-07-31 10:37:55,712 basehttp 20396 15952 "GET /api/ouvrages/ HTTP/1.1" 200 1134
INFO 2025-07-31 10:39:04,443 basehttp 20396 28324 "GET /api/main-oeuvre/ HTTP/1.1" 200 410
INFO 2025-07-31 10:39:04,686 basehttp 20396 10288 "GET /api/fournitures/ HTTP/1.1" 200 515
INFO 2025-07-31 10:39:04,747 basehttp 20396 4628 "GET /api/main-oeuvre/ HTTP/1.1" 200 410
INFO 2025-07-31 10:39:04,814 basehttp 20396 19128 "GET /api/fournitures/ HTTP/1.1" 200 515
INFO 2025-07-31 10:39:04,944 basehttp 20396 28488 "GET /api/main-oeuvre/ HTTP/1.1" 200 410
INFO 2025-07-31 10:39:04,986 basehttp 20396 6296 "GET /api/fournitures/ HTTP/1.1" 200 515
INFO 2025-07-31 10:39:05,061 basehttp 20396 20624 "GET /api/fournitures/ HTTP/1.1" 200 515
INFO 2025-07-31 10:39:05,339 basehttp 20396 4924 "GET /api/main-oeuvre/ HTTP/1.1" 200 410
INFO 2025-07-31 10:39:08,106 basehttp 20396 28636 "GET /api/ouvrages/ HTTP/1.1" 200 1134
INFO 2025-07-31 10:39:08,308 basehttp 20396 16680 "GET /api/ouvrages/ HTTP/1.1" 200 1134
INFO 2025-07-31 10:39:09,006 basehttp 20396 19764 "GET /api/ouvrages/ HTTP/1.1" 200 1134
INFO 2025-07-31 10:41:34,120 basehttp 20396 27948 "GET /api/main-oeuvre/ HTTP/1.1" 200 410
INFO 2025-07-31 10:41:34,364 basehttp 20396 5788 "GET /api/fournitures/ HTTP/1.1" 200 515
INFO 2025-07-31 10:41:34,393 basehttp 20396 25444 "GET /api/main-oeuvre/ HTTP/1.1" 200 410
INFO 2025-07-31 10:41:34,790 basehttp 20396 26540 "GET /api/fournitures/ HTTP/1.1" 200 515
INFO 2025-07-31 10:41:36,679 basehttp 20396 28352 "GET /api/ouvrages/ HTTP/1.1" 200 1134
INFO 2025-07-31 10:41:36,910 basehttp 20396 17032 "GET /api/ouvrages/ HTTP/1.1" 200 1134
INFO 2025-07-31 10:43:21,146 mixins 20396 8660 Library - Action: create, User: elvislex@live.fr, Tenant: ETAO
INFO 2025-07-31 10:43:21,370 basehttp 20396 8660 "POST /api/fournitures/ HTTP/1.1" 201 401
INFO 2025-07-31 10:43:35,305 basehttp 20396 14632 "GET /api/fournitures/3/ HTTP/1.1" 200 405
INFO 2025-07-31 10:43:35,307 basehttp 20396 19644 "GET /api/fournitures/3/ HTTP/1.1" 200 405
INFO 2025-07-31 10:45:06,905 basehttp 20396 14632 "GET /api/main-oeuvre/ HTTP/1.1" 200 410
INFO 2025-07-31 10:45:07,150 basehttp 20396 18408 "GET /api/main-oeuvre/ HTTP/1.1" 200 410
INFO 2025-07-31 10:45:08,169 basehttp 20396 12516 "GET /api/fournitures/ HTTP/1.1" 200 917
INFO 2025-07-31 10:45:08,172 basehttp 20396 21544 "GET /api/fournitures/ HTTP/1.1" 200 917
INFO 2025-07-31 10:45:09,265 basehttp 20396 12948 "GET /api/ouvrages/ HTTP/1.1" 200 1134
INFO 2025-07-31 10:45:10,166 basehttp 20396 19644 "GET /api/ouvrages/ HTTP/1.1" 200 1134
INFO 2025-08-01 09:52:13,866 autoreload 25304 7308 Watching for file changes with StatReloader
INFO 2025-08-01 09:56:30,171 basehttp 25304 24836 "GET /api/main-oeuvre/ HTTP/1.1" 200 410
INFO 2025-08-01 09:56:31,039 basehttp 25304 22484 "GET /api/main-oeuvre/ HTTP/1.1" 200 410
INFO 2025-08-01 09:56:31,115 basehttp 25304 23980 "GET /api/fournitures/ HTTP/1.1" 200 917
INFO 2025-08-01 09:56:31,553 basehttp 25304 20580 "GET /api/fournitures/ HTTP/1.1" 200 917
INFO 2025-08-01 09:56:31,923 basehttp 25304 25028 "GET /api/ouvrages/ HTTP/1.1" 200 1134
INFO 2025-08-01 09:56:32,795 basehttp 25304 24444 "GET /api/ouvrages/ HTTP/1.1" 200 1134
INFO 2025-08-01 09:59:19,669 basehttp 25304 15224 "GET /api/main-oeuvre/1/ HTTP/1.1" 200 362
INFO 2025-08-01 09:59:19,731 basehttp 25304 21740 "GET /api/main-oeuvre/1/ HTTP/1.1" 200 362
INFO 2025-08-01 10:00:54,896 basehttp 25304 24968 "GET /api/main-oeuvre/ HTTP/1.1" 200 410
INFO 2025-08-01 10:00:54,927 basehttp 25304 5152 "GET /api/main-oeuvre/ HTTP/1.1" 200 410
INFO 2025-08-01 10:00:55,643 basehttp 25304 20044 "GET /api/fournitures/ HTTP/1.1" 200 917
INFO 2025-08-01 10:00:55,723 basehttp 25304 16552 "GET /api/fournitures/ HTTP/1.1" 200 917
INFO 2025-08-01 10:00:56,557 basehttp 25304 7000 "GET /api/ouvrages/ HTTP/1.1" 200 1134
INFO 2025-08-01 10:00:56,958 basehttp 25304 7204 "GET /api/ouvrages/ HTTP/1.1" 200 1134
INFO 2025-08-01 10:11:38,619 basehttp 25304 13568 "GET /api/main-oeuvre/ HTTP/1.1" 200 410
INFO 2025-08-01 10:11:38,755 basehttp 25304 22492 "GET /api/main-oeuvre/ HTTP/1.1" 200 410
INFO 2025-08-01 10:11:39,242 basehttp 25304 25268 "GET /api/fournitures/ HTTP/1.1" 200 917
INFO 2025-08-01 10:11:39,504 basehttp 25304 25228 "GET /api/fournitures/ HTTP/1.1" 200 917
INFO 2025-08-01 10:11:40,237 basehttp 25304 22096 "GET /api/ouvrages/ HTTP/1.1" 200 1134
INFO 2025-08-01 10:11:40,886 basehttp 25304 18296 "GET /api/ouvrages/ HTTP/1.1" 200 1134
INFO 2025-08-01 10:11:58,255 basehttp 25304 23364 "GET /api/main-oeuvre/ HTTP/1.1" 200 410
INFO 2025-08-01 10:11:58,291 basehttp 25304 25328 "GET /api/main-oeuvre/ HTTP/1.1" 200 410
INFO 2025-08-01 10:11:58,949 basehttp 25304 11324 "GET /api/fournitures/ HTTP/1.1" 200 917
INFO 2025-08-01 10:11:58,956 basehttp 25304 19752 "GET /api/fournitures/ HTTP/1.1" 200 917
INFO 2025-08-01 10:11:59,739 basehttp 25304 6700 "GET /api/ouvrages/ HTTP/1.1" 200 1134
INFO 2025-08-01 10:12:00,093 basehttp 25304 26104 "GET /api/ouvrages/ HTTP/1.1" 200 1134
INFO 2025-08-01 10:13:23,112 basehttp 25304 23436 "GET /api/fournitures/2/ HTTP/1.1" 200 467
INFO 2025-08-01 10:13:23,137 basehttp 25304 19976 "GET /api/fournitures/2/ HTTP/1.1" 200 467
INFO 2025-08-01 10:13:45,941 basehttp 25304 19704 "GET /api/ouvrages/1/ HTTP/1.1" 200 562
INFO 2025-08-01 10:13:45,942 basehttp 25304 10220 "GET /api/ouvrages/1/ HTTP/1.1" 200 562
INFO 2025-08-01 10:14:05,383 mixins 25304 14800 Library - Action: update, User: elvislex@live.fr, Tenant: ETAO
INFO 2025-08-01 10:14:06,074 basehttp 25304 14800 "PATCH /api/ouvrages/1/ HTTP/1.1" 200 535
INFO 2025-08-01 10:14:34,033 mixins 25304 22356 Library - Action: update, User: elvislex@live.fr, Tenant: ETAO
INFO 2025-08-01 10:14:34,498 basehttp 25304 22356 "PATCH /api/ouvrages/1/ HTTP/1.1" 200 532
INFO 2025-08-01 10:17:42,599 basehttp 25304 16036 "GET /api/fournitures/ HTTP/1.1" 200 917
INFO 2025-08-01 10:17:43,201 basehttp 25304 20136 "GET /api/main-oeuvre/ HTTP/1.1" 200 410
INFO 2025-08-01 10:17:43,237 basehttp 25304 26468 "GET /api/main-oeuvre/ HTTP/1.1" 200 410
INFO 2025-08-01 10:17:44,000 basehttp 25304 13568 "GET /api/fournitures/ HTTP/1.1" 200 917
INFO 2025-08-01 10:17:44,842 basehttp 25304 24740 "GET /api/ouvrages/ HTTP/1.1" 200 1125
INFO 2025-08-01 10:17:45,185 basehttp 25304 24816 "GET /api/ouvrages/ HTTP/1.1" 200 1125
INFO 2025-08-01 10:21:25,747 basehttp 25304 23228 "GET /api/main-oeuvre/ HTTP/1.1" 200 410
INFO 2025-08-01 10:21:25,765 basehttp 25304 24320 "GET /api/main-oeuvre/ HTTP/1.1" 200 410
INFO 2025-08-01 10:21:26,704 basehttp 25304 2088 "GET /api/fournitures/ HTTP/1.1" 200 917
INFO 2025-08-01 10:21:26,894 basehttp 25304 23692 "GET /api/fournitures/ HTTP/1.1" 200 917
INFO 2025-08-01 10:21:27,527 basehttp 25304 23484 "GET /api/ouvrages/ HTTP/1.1" 200 1125
INFO 2025-08-01 10:21:28,172 basehttp 25304 3808 "GET /api/ouvrages/ HTTP/1.1" 200 1125
INFO 2025-08-01 10:24:59,211 basehttp 25304 13884 "GET /api/main-oeuvre/ HTTP/1.1" 200 410
INFO 2025-08-01 10:24:59,212 basehttp 25304 15036 "GET /api/main-oeuvre/ HTTP/1.1" 200 410
INFO 2025-08-01 10:24:59,684 basehttp 25304 21532 "GET /api/fournitures/ HTTP/1.1" 200 917
INFO 2025-08-01 10:25:00,052 basehttp 25304 19696 "GET /api/fournitures/ HTTP/1.1" 200 917
INFO 2025-08-01 10:25:00,994 basehttp 25304 20328 "GET /api/ouvrages/ HTTP/1.1" 200 1125
INFO 2025-08-01 10:25:01,202 basehttp 25304 26616 "GET /api/ouvrages/ HTTP/1.1" 200 1125
INFO 2025-08-01 10:28:46,389 basehttp 25304 24744 "GET /api/main-oeuvre/ HTTP/1.1" 200 410
INFO 2025-08-01 10:28:47,239 basehttp 25304 15944 "GET /api/ouvrages/ HTTP/1.1" 200 1125
INFO 2025-08-01 10:28:47,585 basehttp 25304 24700 "GET /api/main-oeuvre/ HTTP/1.1" 200 410
INFO 2025-08-01 10:28:47,591 basehttp 25304 12564 "GET /api/fournitures/ HTTP/1.1" 200 917
INFO 2025-08-01 10:28:48,690 basehttp 25304 26604 "GET /api/ouvrages/ HTTP/1.1" 200 1125
INFO 2025-08-01 10:28:49,485 basehttp 25304 12616 "GET /api/fournitures/ HTTP/1.1" 200 917
INFO 2025-08-01 10:29:01,189 basehttp 25304 23104 "GET /api/fournitures/2/ HTTP/1.1" 200 467
INFO 2025-08-01 10:29:01,232 basehttp 25304 25984 "GET /api/fournitures/2/ HTTP/1.1" 200 467
INFO 2025-08-01 10:29:17,647 mixins 25304 26080 Library - Action: update, User: elvislex@live.fr, Tenant: ETAO
INFO 2025-08-01 10:29:17,769 basehttp 25304 26080 "PATCH /api/fournitures/2/ HTTP/1.1" 200 463
INFO 2025-08-01 10:29:32,202 basehttp 25304 26032 "GET /api/main-oeuvre/ HTTP/1.1" 200 410
INFO 2025-08-01 10:29:32,365 basehttp 25304 3820 "GET /api/main-oeuvre/ HTTP/1.1" 200 410
INFO 2025-08-01 10:29:32,983 basehttp 25304 4864 "GET /api/fournitures/ HTTP/1.1" 200 917
INFO 2025-08-01 10:29:32,999 basehttp 25304 19680 "GET /api/fournitures/ HTTP/1.1" 200 917
INFO 2025-08-01 10:29:34,000 basehttp 25304 23136 "GET /api/ouvrages/ HTTP/1.1" 200 1125
INFO 2025-08-01 10:29:34,309 basehttp 25304 1672 "GET /api/ouvrages/ HTTP/1.1" 200 1125
INFO 2025-08-01 10:29:41,374 basehttp 25304 25936 "GET /api/fournitures/2/ HTTP/1.1" 200 467
INFO 2025-08-01 10:29:41,398 basehttp 25304 14548 "GET /api/fournitures/2/ HTTP/1.1" 200 467
INFO 2025-08-01 10:30:07,526 mixins 25304 23104 Library - Action: create, User: elvislex@live.fr, Tenant: ETAO
INFO 2025-08-01 10:30:08,098 basehttp 25304 23104 "POST /api/ouvrages/ HTTP/1.1" 201 542
INFO 2025-08-01 10:30:11,507 basehttp 25304 23416 "GET /api/ouvrages/3/ HTTP/1.1" 200 563
INFO 2025-08-01 10:30:11,615 basehttp 25304 3040 "GET /api/ouvrages/3/ HTTP/1.1" 200 563
INFO 2025-08-01 10:30:33,308 basehttp 25304 3044 "GET /api/main-oeuvre/ HTTP/1.1" 200 410
INFO 2025-08-01 10:30:33,497 basehttp 25304 26084 "GET /api/main-oeuvre/ HTTP/1.1" 200 410
INFO 2025-08-01 10:30:34,717 basehttp 25304 26236 "GET /api/fournitures/ HTTP/1.1" 200 917
INFO 2025-08-01 10:30:34,857 basehttp 25304 26260 "GET /api/fournitures/ HTTP/1.1" 200 917
INFO 2025-08-01 10:30:36,662 basehttp 25304 14160 "GET /api/ouvrages/ HTTP/1.1" 200 1668
INFO 2025-08-01 10:30:36,784 basehttp 25304 2324 "GET /api/ouvrages/ HTTP/1.1" 200 1668
INFO 2025-08-01 10:33:40,838 basehttp 25304 7948 "GET /api/main-oeuvre/ HTTP/1.1" 200 410
INFO 2025-08-01 10:33:40,957 basehttp 25304 1628 "GET /api/main-oeuvre/ HTTP/1.1" 200 410
INFO 2025-08-01 10:33:41,747 basehttp 25304 23608 "GET /api/fournitures/ HTTP/1.1" 200 917
INFO 2025-08-01 10:33:41,971 basehttp 25304 13304 "GET /api/fournitures/ HTTP/1.1" 200 917
INFO 2025-08-01 10:33:43,459 basehttp 25304 25956 "GET /api/ouvrages/ HTTP/1.1" 200 1668
INFO 2025-08-01 10:33:43,506 basehttp 25304 19104 "GET /api/ouvrages/ HTTP/1.1" 200 1668
INFO 2025-08-01 10:34:01,952 mixins 25304 18096 Library - Action: create, User: elvislex@live.fr, Tenant: ETAO
INFO 2025-08-01 10:34:02,084 basehttp 25304 18096 "POST /api/main-oeuvre/ HTTP/1.1" 201 380
INFO 2025-08-01 10:34:09,793 basehttp 25304 10452 "GET /api/main-oeuvre/3/ HTTP/1.1" 200 384
INFO 2025-08-01 10:34:09,807 basehttp 25304 17632 "GET /api/main-oeuvre/3/ HTTP/1.1" 200 384
INFO 2025-08-01 10:34:37,422 basehttp 25304 25784 "GET /api/main-oeuvre/ HTTP/1.1" 200 791
INFO 2025-08-01 10:34:37,709 basehttp 25304 6460 "GET /api/main-oeuvre/ HTTP/1.1" 200 791
INFO 2025-08-01 10:34:37,780 basehttp 25304 24928 "GET /api/fournitures/ HTTP/1.1" 200 917
INFO 2025-08-01 10:34:37,947 basehttp 25304 7804 "GET /api/fournitures/ HTTP/1.1" 200 917
INFO 2025-08-01 10:34:39,910 basehttp 25304 4540 "GET /api/ouvrages/ HTTP/1.1" 200 1668
INFO 2025-08-01 10:34:39,942 basehttp 25304 22532 "GET /api/ouvrages/ HTTP/1.1" 200 1668
INFO 2025-08-01 10:38:10,225 basehttp 25304 18496 "GET /api/fournitures/2/ HTTP/1.1" 200 467
INFO 2025-08-01 10:38:10,226 basehttp 25304 2208 "GET /api/fournitures/2/ HTTP/1.1" 200 467
INFO 2025-08-01 10:38:29,796 mixins 25304 25556 Library - Action: update, User: elvislex@live.fr, Tenant: ETAO
INFO 2025-08-01 10:38:29,885 basehttp 25304 25556 "PATCH /api/fournitures/2/ HTTP/1.1" 200 464
INFO 2025-08-01 10:38:53,270 basehttp 25304 20876 "GET /api/main-oeuvre/ HTTP/1.1" 200 791
INFO 2025-08-01 10:38:53,334 basehttp 25304 11660 "GET /api/main-oeuvre/ HTTP/1.1" 200 791
INFO 2025-08-01 10:38:53,350 basehttp 25304 11772 "GET /api/fournitures/ HTTP/1.1" 200 918
INFO 2025-08-01 10:38:53,736 basehttp 25304 19596 "GET /api/fournitures/ HTTP/1.1" 200 918
INFO 2025-08-01 10:38:55,704 basehttp 25304 9068 "GET /api/ouvrages/ HTTP/1.1" 200 1668
INFO 2025-08-01 10:38:56,018 basehttp 25304 21956 "GET /api/ouvrages/ HTTP/1.1" 200 1668
INFO 2025-08-01 10:39:08,806 basehttp 25304 22096 "GET /api/fournitures/2/ HTTP/1.1" 200 468
INFO 2025-08-01 10:39:08,838 basehttp 25304 3048 "GET /api/fournitures/2/ HTTP/1.1" 200 468
INFO 2025-08-01 10:39:42,911 mixins 25304 24996 Library - Action: create, User: elvislex@live.fr, Tenant: ETAO
INFO 2025-08-01 10:39:43,009 basehttp 25304 24996 "POST /api/fournitures/ HTTP/1.1" 201 486
INFO 2025-08-01 10:39:48,062 basehttp 25304 24780 "GET /api/fournitures/4/ HTTP/1.1" 200 490
INFO 2025-08-01 10:39:48,079 basehttp 25304 21392 "GET /api/fournitures/4/ HTTP/1.1" 200 490
INFO 2025-08-01 10:40:12,241 basehttp 25304 23432 "GET /api/main-oeuvre/ HTTP/1.1" 200 791
INFO 2025-08-01 10:40:12,242 basehttp 25304 25332 "GET /api/main-oeuvre/ HTTP/1.1" 200 791
INFO 2025-08-01 10:40:13,122 basehttp 25304 8992 "GET /api/fournitures/ HTTP/1.1" 200 1405
INFO 2025-08-01 10:40:13,206 basehttp 25304 11772 "GET /api/fournitures/ HTTP/1.1" 200 1405
INFO 2025-08-01 10:40:14,771 basehttp 25304 14496 "GET /api/ouvrages/ HTTP/1.1" 200 1668
INFO 2025-08-01 10:40:14,989 basehttp 25304 5544 "GET /api/ouvrages/ HTTP/1.1" 200 1668
INFO 2025-08-01 10:40:37,757 mixins 25304 25440 Library - Action: create, User: elvislex@live.fr, Tenant: ETAO
INFO 2025-08-01 10:40:37,860 basehttp 25304 25440 "POST /api/main-oeuvre/ HTTP/1.1" 201 380
INFO 2025-08-01 10:40:44,386 basehttp 25304 26564 "GET /api/main-oeuvre/4/ HTTP/1.1" 200 384
INFO 2025-08-01 10:40:44,689 basehttp 25304 24756 "GET /api/main-oeuvre/4/ HTTP/1.1" 200 384
INFO 2025-08-01 10:41:04,790 basehttp 25304 24080 "GET /api/main-oeuvre/ HTTP/1.1" 200 1172
INFO 2025-08-01 10:41:05,011 basehttp 25304 18176 "GET /api/main-oeuvre/ HTTP/1.1" 200 1172
INFO 2025-08-01 10:41:05,099 basehttp 25304 8608 "GET /api/fournitures/ HTTP/1.1" 200 1405
INFO 2025-08-01 10:41:05,432 basehttp 25304 13592 "GET /api/fournitures/ HTTP/1.1" 200 1405
INFO 2025-08-01 10:41:06,713 basehttp 25304 2844 "GET /api/ouvrages/ HTTP/1.1" 200 1668
INFO 2025-08-01 10:41:07,274 basehttp 25304 25484 "GET /api/ouvrages/ HTTP/1.1" 200 1668
WARNING 2025-08-01 10:42:07,395 log 25304 18028 Bad Request: /api/ouvrages/
WARNING 2025-08-01 10:42:07,398 basehttp 25304 18028 "POST /api/ouvrages/ HTTP/1.1" 400 83
INFO 2025-08-01 10:42:30,929 mixins 25304 16984 Library - Action: create, User: elvislex@live.fr, Tenant: ETAO
INFO 2025-08-01 10:42:31,446 basehttp 25304 16984 "POST /api/ouvrages/ HTTP/1.1" 201 527
INFO 2025-08-01 10:42:39,007 basehttp 25304 23852 "GET /api/ouvrages/4/ HTTP/1.1" 200 548
INFO 2025-08-01 10:42:39,031 basehttp 25304 24676 "GET /api/ouvrages/4/ HTTP/1.1" 200 548
INFO 2025-08-01 10:43:05,919 basehttp 25304 26032 "GET /api/main-oeuvre/ HTTP/1.1" 200 1172
INFO 2025-08-01 10:43:05,947 basehttp 25304 8344 "GET /api/main-oeuvre/ HTTP/1.1" 200 1172
INFO 2025-08-01 10:43:06,343 basehttp 25304 23940 "GET /api/fournitures/ HTTP/1.1" 200 1405
INFO 2025-08-01 10:43:06,498 basehttp 25304 22404 "GET /api/fournitures/ HTTP/1.1" 200 1405
INFO 2025-08-01 10:43:08,867 basehttp 25304 22556 "GET /api/ouvrages/ HTTP/1.1" 200 2196
INFO 2025-08-01 10:43:09,229 basehttp 25304 13300 "GET /api/ouvrages/ HTTP/1.1" 200 2196
INFO 2025-08-01 11:26:11,211 autoreload 5036 7320 Watching for file changes with StatReloader
